,Year,Leading Cause,Sex,Race Ethnicity,Deaths,Death Rate,Age Adjusted Death Rate
0,2010,Influenza (Flu) and Pneumonia (J09-J18),F,Hispanic,228.0,18.7,23.1
1,2008,"Accidents Except Drug Posioning (V01-X39, X43, X45-X59, Y85-Y86)",F,Hispanic,68.0,5.8,6.6
2,2013,"Accidents Except Drug Posioning (V01-X39, X43, X45-X59, Y85-Y86)",M,White Non-Hispanic,271.0,20.1,17.9
3,2010,Cerebrovascular Disease (Stroke: I60-I69),M,Hispanic,140.0,12.3,21.4
4,2009,"Assault (Homicide: Y87.1, X85-Y09)",M,Black Non-Hispanic,255.0,30,30
5,2012,"Mental and Behavioral Disorders due to Accidental Poisoning and Other Psychoactive Substance Use (F11-F16, F18-F19, X40-X42, X44)",F,Other Race/ Ethnicity,,,
6,2012,Cerebrovascular Disease (Stroke: I60-I69),F,Asian and Pacific Islander,102.0,17.5,20.7
7,2009,"Essential Hypertension and Renal Diseases (I10, I12)",M,Asian and Pacific Islander,26.0,5.1,7.2
8,2010,All Other Causes,F,White Non-Hispanic,2140.0,149.7,93.9
9,2009,Alzheimer's Disease (G30),F,Other Race/ Ethnicity,,,
10,2013,Cerebrovascular Disease (Stroke: I60-I69),M,Black Non-Hispanic,191.0,22.3,25
11,2011,Cerebrovascular Disease (Stroke: I60-I69),F,Black Non-Hispanic,281.0,26.8,23.6
12,2012,"Diseases of Heart (I00-I09, I11, I13, I20-I51)",F,Not Stated/Unknown,76.0,,
13,2013,"Intentional Self-Harm (Suicide: X60-X84, Y87.0)",M,Not Stated/Unknown,17.0,,
14,2011,Human Immunodeficiency Virus Disease (HIV: B20-B24),F,Hispanic,70.0,5.7,5.7
15,2011,"Accidents Except Drug Posioning (V01-X39, X43, X45-X59, Y85-Y86)",F,Other Race/ Ethnicity,,,
16,2014,"Chronic Liver Disease and Cirrhosis (K70, K73)",M,Other Race/ Ethnicity,10.0,,
17,2007,"Diseases of Heart (I00-I09, I11, I13, I20-I51)",M,Black Non-Hispanic,2121.0,248.9,340.2
18,2008,"Chronic Liver Disease and Cirrhosis (K70, K73)",F,Not Stated/Unknown,,,
19,2007,Alzheimer's Disease (G30),F,Not Stated/Unknown,,,
20,2011,Alzheimer's Disease (G30),F,Hispanic,90.0,7.3,9.1
21,2009,Influenza (Flu) and Pneumonia (J09-J18),M,Hispanic,183.0,16.3,30.9
22,2008,"Accidents Except Drug Posioning (V01-X39, X43, X45-X59, Y85-Y86)",M,Not Stated/Unknown,13.0,,
23,2007,"Essential Hypertension and Renal Diseases (I10, I12)",M,White Non-Hispanic,123.0,9.2,7.6
24,2009,"Diseases of Heart (I00-I09, I11, I13, I20-I51)",M,Asian and Pacific Islander,554.0,108.5,158.8
25,2009,"Essential Hypertension and Renal Diseases (I10, I12)",F,Hispanic,84.0,7,8.8
26,2014,All Other Causes,F,Other Race/ Ethnicity,59.0,,
27,2012,Malignant Neoplasms (Cancer: C00-C97),F,Other Race/ Ethnicity,29.0,,
28,2010,All Other Causes,F,Black Non-Hispanic,1326.0,126.5,117.4
29,2007,"Chronic Liver Disease and Cirrhosis (K70, K73)",M,Hispanic,107.0,9.8,12.8
30,2011,Cerebrovascular Disease (Stroke: I60-I69),F,White Non-Hispanic,466.0,32.9,17.6
31,2008,Human Immunodeficiency Virus Disease (HIV: B20-B24),M,Black Non-Hispanic,356.0,41.9,41.8
32,2007,All Other Causes,F,White Non-Hispanic,1680.0,117.1,81.5
33,2011,Malignant Neoplasms (Cancer: C00-C97),M,White Non-Hispanic,3222.0,241.6,206.1
34,2014,"Essential Hypertension and Renal Diseases (I10, I12)",F,Other Race/ Ethnicity,,,
35,2013,Malignant Neoplasms (Cancer: C00-C97),M,Black Non-Hispanic,1592.0,185.5,212.8
36,2010,Chronic Lower Respiratory Diseases (J40-J47),F,Not Stated/Unknown,6.0,,
37,2013,Cerebrovascular Disease (Stroke: I60-I69),F,Black Non-Hispanic,271.0,25.9,21.7
38,2013,Human Immunodeficiency Virus Disease (HIV: B20-B24),M,Black Non-Hispanic,204.0,23.8,23.2
39,2010,Cerebrovascular Disease (Stroke: I60-I69),M,Other Race/ Ethnicity,,,
40,2009,"Diseases of Heart (I00-I09, I11, I13, I20-I51)",M,White Non-Hispanic,5168.0,384.2,319.8
41,2009,Diabetes Mellitus (E10-E14),M,White Non-Hispanic,290.0,21.6,18.2
42,2009,Influenza (Flu) and Pneumonia (J09-J18),F,Black Non-Hispanic,281.0,26.8,24.5
43,2007,"Chronic Liver Disease and Cirrhosis (K70, K73)",F,Not Stated/Unknown,,,
44,2008,Certain Conditions originating in the Perinatal Period (P00-P96),F,Not Stated/Unknown,6.0,,
45,2008,"Essential Hypertension and Renal Diseases (I10, I12)",F,Not Stated/Unknown,,,
46,2011,"Essential Hypertension and Renal Diseases (I10, I12)",M,Not Stated/Unknown,,,
47,2013,"Essential Hypertension and Renal Diseases (I10, I12)",F,Other Race/ Ethnicity,8.0,,
48,2014,"Essential Hypertension and Renal Diseases (I10, I12)",F,Asian and Pacific Islander,29.0,4.6,5.1
49,2007,"Chronic Liver Disease and Cirrhosis (K70, K73)",M,Other Race/ Ethnicity,,,
50,2013,All Other Causes,M,White Non-Hispanic,2293.0,170.3,143.3
51,2008,"Accidents Except Drug Posioning (V01-X39, X43, X45-X59, Y85-Y86)",M,Black Non-Hispanic,146.0,17.2,18.1
52,2007,Malignant Neoplasms (Cancer: C00-C97),M,Not Stated/Unknown,45.0,,
53,2008,Cerebrovascular Disease (Stroke: I60-I69),M,Hispanic,124.0,11.2,18.8
54,2009,"Diseases of Heart (I00-I09, I11, I13, I20-I51)",F,Asian and Pacific Islander,448.0,81.6,108.7
55,2011,"Mental and Behavioral Disorders due to Accidental Poisoning and Other Psychoactive Substance Use (F11-F16, F18-F19, X40-X42, X44)",M,Hispanic,145.0,12.6,13
56,2012,Diabetes Mellitus (E10-E14),F,Not Stated/Unknown,15.0,,
57,2007,"Accidents Except Drug Posioning (V01-X39, X43, X45-X59, Y85-Y86)",M,Other Race/ Ethnicity,5.0,,
58,2010,"Accidents Except Drug Posioning (V01-X39, X43, X45-X59, Y85-Y86)",M,White Non-Hispanic,271.0,20.2,18.4
59,2010,"Accidents Except Drug Posioning (V01-X39, X43, X45-X59, Y85-Y86)",F,White Non-Hispanic,163.0,11.4,7.8
60,2014,Septicemia (A40-A41),M,Not Stated/Unknown,8.0,,
61,2010,Malignant Neoplasms (Cancer: C00-C97),M,Not Stated/Unknown,46.0,,
62,2014,"Diseases of Heart (I00-I09, I11, I13, I20-I51)",F,Not Stated/Unknown,95.0,,
63,2008,"Mental and Behavioral Disorders due to Accidental Poisoning and Other Psychoactive Substance Use (F11-F16, F18-F19, X40-X42, X44)",M,Hispanic,172.0,15.6,16.3
64,2008,Malignant Neoplasms (Cancer: C00-C97),M,Black Non-Hispanic,1464.0,172.4,220.4
65,2008,"Essential Hypertension and Renal Diseases (I10, I12)",F,Other Race/ Ethnicity,,,
66,2013,Diabetes Mellitus (E10-E14),M,Black Non-Hispanic,300.0,35,41.1
67,2007,Malignant Neoplasms (Cancer: C00-C97),M,Asian and Pacific Islander,528.0,109.1,145.9
68,2009,All Other Causes,F,Other Race/ Ethnicity,11.0,,
69,2007,Diabetes Mellitus (E10-E14),F,White Non-Hispanic,231.0,16.1,9.8
70,2008,Certain Conditions originating in the Perinatal Period (P00-P96),F,Other Race/ Ethnicity,,,
71,2009,Influenza (Flu) and Pneumonia (J09-J18),M,White Non-Hispanic,555.0,41.3,34.3
72,2014,Human Immunodeficiency Virus Disease (HIV: B20-B24),F,Black Non-Hispanic,102.0,9.7,8.5
73,2011,Cerebrovascular Disease (Stroke: I60-I69),M,Hispanic,147.0,12.8,20.9
74,2013,Septicemia (A40-A41),F,Asian and Pacific Islander,16.0,2.7,2.9
75,2009,Chronic Lower Respiratory Diseases (J40-J47),M,Black Non-Hispanic,147.0,17.3,22.6
76,2007,Aortic Aneurysm and Dissection (I71),F,Not Stated/Unknown,,,
77,2007,Cerebrovascular Disease (Stroke: I60-I69),M,Other Race/ Ethnicity,7.0,,
78,2009,Cerebrovascular Disease (Stroke: I60-I69),F,Other Race/ Ethnicity,,,
79,2012,"Diseases of Heart (I00-I09, I11, I13, I20-I51)",F,Hispanic,1263.0,102,118.4
80,2013,"Accidents Except Drug Posioning (V01-X39, X43, X45-X59, Y85-Y86)",F,White Non-Hispanic,166.0,11.7,8.1
81,2014,Human Immunodeficiency Virus Disease (HIV: B20-B24),F,Not Stated/Unknown,7.0,,
82,2012,Aortic Aneurysm and Dissection (I71),F,Other Race/ Ethnicity,,,
83,2007,Influenza (Flu) and Pneumonia (J09-J18),F,Black Non-Hispanic,295.0,28,26.9
84,2012,"Accidents Except Drug Posioning (V01-X39, X43, X45-X59, Y85-Y86)",M,Hispanic,191.0,16.3,19.7
85,2009,Influenza (Flu) and Pneumonia (J09-J18),F,Hispanic,216.0,18,22.8
86,2010,Malignant Neoplasms (Cancer: C00-C97),M,Hispanic,1057.0,92.5,150
87,2010,"Assault (Homicide: Y87.1, X85-Y09)",M,Other Race/ Ethnicity,,,
88,2011,Diabetes Mellitus (E10-E14),F,Black Non-Hispanic,410.0,39.2,34.7
89,2011,Diabetes Mellitus (E10-E14),F,Asian and Pacific Islander,51.0,8.9,10.7
90,2013,"Chronic Liver Disease and Cirrhosis (K70, K73)",M,Not Stated/Unknown,16.0,,
91,2007,"Diseases of Heart (I00-I09, I11, I13, I20-I51)",F,Black Non-Hispanic,2722.0,258.6,247.3
92,2008,"Chronic Liver Disease and Cirrhosis (K70, K73)",M,Hispanic,149.0,13.5,16.8
93,2013,"Essential Hypertension and Renal Diseases (I10, I12)",M,Asian and Pacific Islander,33.0,6,8.4
94,2008,"Essential Hypertension and Renal Diseases (I10, I12)",F,Black Non-Hispanic,192.0,18.3,17.1
95,2012,Diabetes Mellitus (E10-E14),F,Other Race/ Ethnicity,9.0,,
96,2013,Chronic Lower Respiratory Diseases (J40-J47),F,Not Stated/Unknown,9.0,,
97,2007,Chronic Lower Respiratory Diseases (J40-J47),M,Other Race/ Ethnicity,,,
98,2010,"Diseases of Heart (I00-I09, I11, I13, I20-I51)",M,White Non-Hispanic,4495.0,335.1,277
99,2012,"Diseases of Heart (I00-I09, I11, I13, I20-I51)",M,Black Non-Hispanic,1940.0,226.8,280.7
100,2008,Malignant Neoplasms (Cancer: C00-C97),F,White Non-Hispanic,3366.0,234.5,160.5
101,2014,Influenza (Flu) and Pneumonia (J09-J18),F,White Non-Hispanic,563.0,39.7,20.4
102,2009,"Accidents Except Drug Posioning (V01-X39, X43, X45-X59, Y85-Y86)",M,Other Race/ Ethnicity,,,
103,2014,"Essential Hypertension and Renal Diseases (I10, I12)",F,White Non-Hispanic,180.0,12.7,6.7
104,2010,Diabetes Mellitus (E10-E14),M,Not Stated/Unknown,7.0,,
105,2009,Malignant Neoplasms (Cancer: C00-C97),M,Not Stated/Unknown,47.0,,
106,2010,Cerebrovascular Disease (Stroke: I60-I69),F,Not Stated/Unknown,,,
107,2008,"Chronic Liver Disease and Cirrhosis (K70, K73)",F,Hispanic,63.0,5.3,6.2
108,2007,"Mental and Behavioral Disorders due to Accidental Poisoning and Other Psychoactive Substance Use (F11-F16, F18-F19, X40-X42, X44)",M,Not Stated/Unknown,10.0,,
109,2008,Malignant Neoplasms (Cancer: C00-C97),F,Not Stated/Unknown,36.0,,
110,2007,All Other Causes,F,Black Non-Hispanic,1230.0,116.8,113.4
111,2007,Cerebrovascular Disease (Stroke: I60-I69),F,Black Non-Hispanic,279.0,26.5,25.3
112,2009,"Accidents Except Drug Posioning (V01-X39, X43, X45-X59, Y85-Y86)",F,Asian and Pacific Islander,37.0,6.7,8
113,2012,Septicemia (A40-A41),M,Other Race/ Ethnicity,6.0,,
114,2014,Malignant Neoplasms (Cancer: C00-C97),F,Black Non-Hispanic,1852.0,176.5,148.4
115,2007,Influenza (Flu) and Pneumonia (J09-J18),M,White Non-Hispanic,530.0,39.6,32.9
116,2011,Malignant Neoplasms (Cancer: C00-C97),F,Not Stated/Unknown,11.0,,
117,2014,"Diseases of Heart (I00-I09, I11, I13, I20-I51)",M,Asian and Pacific Islander,554.0,96.5,118.5
118,2008,Aortic Aneurysm and Dissection (I71),M,Other Race/ Ethnicity,,,
119,2010,Mental and Behavioral Disorders due to Use of Alcohol (F10),M,Other Race/ Ethnicity,,,
120,2014,"Assault (Homicide: Y87.1, X85-Y09)",M,Black Non-Hispanic,186.0,21.5,21.5
121,2009,Certain Conditions originating in the Perinatal Period (P00-P96),F,Not Stated/Unknown,,,
122,2010,Influenza (Flu) and Pneumonia (J09-J18),M,Hispanic,235.0,20.6,38.9
123,2010,"Diseases of Heart (I00-I09, I11, I13, I20-I51)",F,Black Non-Hispanic,2282.0,217.7,194.2
124,2008,Cerebrovascular Disease (Stroke: I60-I69),F,Asian and Pacific Islander,65.0,12.2,15.4
125,2009,"Diseases of Heart (I00-I09, I11, I13, I20-I51)",M,Other Race/ Ethnicity,38.0,,
126,2010,Insitu or Benign / Uncertain Neoplasms (D00-D48),F,Not Stated/Unknown,,,
127,2007,"Accidents Except Drug Posioning (V01-X39, X43, X45-X59, Y85-Y86)",M,White Non-Hispanic,297.0,22.2,19.8
128,2011,Chronic Lower Respiratory Diseases (J40-J47),F,Hispanic,156.0,12.7,15
129,2010,"Essential Hypertension and Renal Diseases (I10, I12)",F,Other Race/ Ethnicity,,,
130,2012,Diabetes Mellitus (E10-E14),F,Asian and Pacific Islander,57.0,9.8,11.4
131,2014,Influenza (Flu) and Pneumonia (J09-J18),M,Not Stated/Unknown,14.0,,
132,2007,Mental and Behavioral Disorders due to Use of Alcohol (F10),M,Not Stated/Unknown,,,
133,2010,Malignant Neoplasms (Cancer: C00-C97),M,Asian and Pacific Islander,526.0,101,124.5
134,2013,All Other Causes,M,Hispanic,1193.0,101,146.4
135,2014,All Other Causes,M,Black Non-Hispanic,1375.0,159.3,177.8
136,2011,"Mental and Behavioral Disorders due to Accidental Poisoning and Other Psychoactive Substance Use (F11-F16, F18-F19, X40-X42, X44)",M,Not Stated/Unknown,5.0,,
137,2012,"Mental and Behavioral Disorders due to Accidental Poisoning and Other Psychoactive Substance Use (F11-F16, F18-F19, X40-X42, X44)",M,Not Stated/Unknown,7.0,,
138,2011,Influenza (Flu) and Pneumonia (J09-J18),F,Black Non-Hispanic,273.0,26.1,22.8
139,2010,Influenza (Flu) and Pneumonia (J09-J18),F,Black Non-Hispanic,275.0,26.2,23.6
140,2012,Chronic Lower Respiratory Diseases (J40-J47),F,Not Stated/Unknown,8.0,,
141,2012,Cerebrovascular Disease (Stroke: I60-I69),M,Hispanic,129.0,11,17.2
142,2014,Human Immunodeficiency Virus Disease (HIV: B20-B24),M,Other Race/ Ethnicity,10.0,,
143,2009,"Accidents Except Drug Posioning (V01-X39, X43, X45-X59, Y85-Y86)",M,Asian and Pacific Islander,55.0,10.8,12.3
144,2008,Certain Conditions originating in the Perinatal Period (P00-P96),M,Not Stated/Unknown,6.0,,
145,2014,Chronic Lower Respiratory Diseases (J40-J47),F,White Non-Hispanic,515.0,36.3,21
146,2012,Cerebrovascular Disease (Stroke: I60-I69),M,Asian and Pacific Islander,70.0,13,17.5
147,2007,All Other Causes,F,Hispanic,820.0,70.2,85.6
148,2012,Malignant Neoplasms (Cancer: C00-C97),F,Asian and Pacific Islander,461.0,78.9,83.8
149,2011,Parkinson's Disease (G20),F,Not Stated/Unknown,,,
150,2011,Cerebrovascular Disease (Stroke: I60-I69),M,White Non-Hispanic,290.0,21.7,18.2
151,2014,Cerebrovascular Disease (Stroke: I60-I69),M,Black Non-Hispanic,197.0,22.8,26.4
152,2010,All Other Causes,F,Hispanic,1007.0,82.7,94.6
153,2013,"Intentional Self-Harm (Suicide: X60-X84, Y87.0)",F,Other Race/ Ethnicity,5.0,,
154,2011,"Intentional Self-Harm (Suicide: X60-X84, Y87.0)",F,Other Race/ Ethnicity,,,
155,2007,"Nephritis, Nephrotic Syndrome and Nephrisis (N00-N07, N17-N19, N25-N27)",F,White Non-Hispanic,89.0,6.2,3.5
156,2014,Malignant Neoplasms (Cancer: C00-C97),F,Other Race/ Ethnicity,66.0,,
157,2010,Diabetes Mellitus (E10-E14),F,Other Race/ Ethnicity,7.0,,
158,2013,"Diseases of Heart (I00-I09, I11, I13, I20-I51)",F,White Non-Hispanic,4535.0,319,160.6
159,2010,Diabetes Mellitus (E10-E14),F,Hispanic,219.0,18,21.5
160,2014,Malignant Neoplasms (Cancer: C00-C97),M,Black Non-Hispanic,1532.0,177.5,199.6
161,2009,All Other Causes,M,Other Race/ Ethnicity,18.0,,
162,2009,"Chronic Liver Disease and Cirrhosis (K70, K73)",M,Hispanic,119.0,10.6,14.1
163,2012,Septicemia (A40-A41),F,White Non-Hispanic,113.0,8,4.2
164,2008,Diabetes Mellitus (E10-E14),M,Other Race/ Ethnicity,,,
165,2007,Chronic Lower Respiratory Diseases (J40-J47),F,Hispanic,116.0,9.9,12.8
166,2013,Malignant Neoplasms (Cancer: C00-C97),M,Asian and Pacific Islander,633.0,114.2,130.9
167,2010,Influenza (Flu) and Pneumonia (J09-J18),M,Other Race/ Ethnicity,6.0,,
168,2013,Chronic Lower Respiratory Diseases (J40-J47),F,Asian and Pacific Islander,27.0,4.5,5.2
169,2012,Alzheimer's Disease (G30),F,Hispanic,126.0,10.2,12.2
170,2011,"Diseases of Heart (I00-I09, I11, I13, I20-I51)",F,White Non-Hispanic,5016.0,354.1,179.8
171,2008,All Other Causes,F,Asian and Pacific Islander,214.0,40.2,50.3
172,2008,"Mental and Behavioral Disorders due to Accidental Poisoning and Other Psychoactive Substance Use (F11-F16, F18-F19, X40-X42, X44)",F,White Non-Hispanic,86.0,6,5.5
173,2008,Cerebrovascular Disease (Stroke: I60-I69),M,Black Non-Hispanic,206.0,24.3,31
174,2013,Diabetes Mellitus (E10-E14),M,Not Stated/Unknown,19.0,,
175,2010,"Essential Hypertension and Renal Diseases (I10, I12)",F,Black Non-Hispanic,252.0,24,21.4
176,2013,"Diseases of Heart (I00-I09, I11, I13, I20-I51)",F,Not Stated/Unknown,106.0,,
177,2009,Alzheimer's Disease (G30),F,Hispanic,56.0,4.7,6.2
178,2014,Diabetes Mellitus (E10-E14),F,Hispanic,209.0,16.5,17.9
179,2008,Chronic Lower Respiratory Diseases (J40-J47),M,Black Non-Hispanic,169.0,19.9,26.4
180,2014,Cerebrovascular Disease (Stroke: I60-I69),M,White Non-Hispanic,277.0,20.6,16.8
181,2012,"Diseases of Heart (I00-I09, I11, I13, I20-I51)",F,Black Non-Hispanic,2269.0,217.1,183.9
182,2010,"Essential Hypertension and Renal Diseases (I10, I12)",F,Asian and Pacific Islander,33.0,5.9,7.1
183,2010,"Diseases of Heart (I00-I09, I11, I13, I20-I51)",M,Other Race/ Ethnicity,52.0,,
184,2008,Human Immunodeficiency Virus Disease (HIV: B20-B24),M,Hispanic,222.0,20.1,22.7
185,2011,Septicemia (A40-A41),F,Not Stated/Unknown,,,
186,2008,Chronic Lower Respiratory Diseases (J40-J47),F,Black Non-Hispanic,191.0,18.2,17.1
187,2010,"Mental and Behavioral Disorders due to Accidental Poisoning and Other Psychoactive Substance Use (F11-F16, F18-F19, X40-X42, X44)",M,Hispanic,138.0,12.1,12.9
188,2011,All Other Causes,M,White Non-Hispanic,2165.0,162.3,139.5
189,2009,"Chronic Liver Disease and Cirrhosis (K70, K73)",M,Asian and Pacific Islander,17.0,3.3,3.5
190,2008,Chronic Lower Respiratory Diseases (J40-J47),F,Other Race/ Ethnicity,,,
191,2012,Malignant Neoplasms (Cancer: C00-C97),M,Not Stated/Unknown,53.0,,
192,2012,Diabetes Mellitus (E10-E14),M,Black Non-Hispanic,308.0,36,42.9
193,2008,All Other Causes,M,White Non-Hispanic,1824.0,135.9,119.9
194,2014,"Diseases of Heart (I00-I09, I11, I13, I20-I51)",M,Other Race/ Ethnicity,63.0,,
195,2013,"Mental and Behavioral Disorders due to Accidental Poisoning and Other Psychoactive Substance Use (F11-F16, F18-F19, X40-X42, X44)",M,Hispanic,188.0,15.9,16.6
196,2013,Certain Conditions originating in the Perinatal Period (P00-P96),M,Not Stated/Unknown,25.0,,
197,2012,All Other Causes,F,Other Race/ Ethnicity,22.0,,
198,2013,Chronic Lower Respiratory Diseases (J40-J47),M,Asian and Pacific Islander,72.0,13,18.5
199,2007,Diabetes Mellitus (E10-E14),M,Hispanic,177.0,16.2,27.6
200,2014,Influenza (Flu) and Pneumonia (J09-J18),F,Other Race/ Ethnicity,9.0,,
201,2011,Malignant Neoplasms (Cancer: C00-C97),F,White Non-Hispanic,3371.0,238,161.1
202,2011,Cerebrovascular Disease (Stroke: I60-I69),M,Black Non-Hispanic,200.0,23.4,28.1
203,2012,Diabetes Mellitus (E10-E14),M,Other Race/ Ethnicity,8.0,,
204,2013,Malignant Neoplasms (Cancer: C00-C97),F,Black Non-Hispanic,1784.0,170.8,145.5
205,2008,"Essential Hypertension and Renal Diseases (I10, I12)",M,Other Race/ Ethnicity,,,
206,2010,Influenza (Flu) and Pneumonia (J09-J18),F,Other Race/ Ethnicity,,,
207,2007,Influenza (Flu) and Pneumonia (J09-J18),M,Hispanic,189.0,17.3,36.7
208,2009,Chronic Lower Respiratory Diseases (J40-J47),M,White Non-Hispanic,371.0,27.6,23.3
209,2007,Insitu or Benign / Uncertain Neoplasms (D00-D48),F,Not Stated/Unknown,,,
210,2012,Malignant Neoplasms (Cancer: C00-C97),F,Not Stated/Unknown,36.0,,
211,2012,Chronic Lower Respiratory Diseases (J40-J47),F,Asian and Pacific Islander,39.0,6.7,8
212,2007,Malignant Neoplasms (Cancer: C00-C97),F,Other Race/ Ethnicity,22.0,,
213,2012,Human Immunodeficiency Virus Disease (HIV: B20-B24),M,Hispanic,103.0,8.8,10.1
214,2011,"Diseases of Heart (I00-I09, I11, I13, I20-I51)",F,Other Race/ Ethnicity,31.0,,
215,2007,Cerebrovascular Disease (Stroke: I60-I69),M,Black Non-Hispanic,213.0,25,33
216,2009,Chronic Lower Respiratory Diseases (J40-J47),F,Not Stated/Unknown,7.0,,
217,2014,Chronic Lower Respiratory Diseases (J40-J47),M,Asian and Pacific Islander,95.0,16.6,22.9
218,2011,Certain Conditions originating in the Perinatal Period (P00-P96),M,Asian and Pacific Islander,19.0,3.6,4.2
219,2009,Malignant Neoplasms (Cancer: C00-C97),F,Hispanic,1097.0,91.6,107.2
220,2009,"Chronic Liver Disease and Cirrhosis (K70, K73)",M,Not Stated/Unknown,10.0,,
221,2009,Alzheimer's Disease (G30),F,Not Stated/Unknown,,,
222,2012,Cerebrovascular Disease (Stroke: I60-I69),M,White Non-Hispanic,285.0,21.3,17.6
223,2011,"Diseases of Heart (I00-I09, I11, I13, I20-I51)",M,Hispanic,1201.0,104.2,180.8
224,2011,Chronic Lower Respiratory Diseases (J40-J47),M,Other Race/ Ethnicity,,,
225,2012,"Accidents Except Drug Posioning (V01-X39, X43, X45-X59, Y85-Y86)",F,Not Stated/Unknown,,,
226,2009,"Essential Hypertension and Renal Diseases (I10, I12)",M,White Non-Hispanic,148.0,11,9.1
227,2013,Diabetes Mellitus (E10-E14),F,Hispanic,221.0,17.7,19.6
228,2011,Malignant Neoplasms (Cancer: C00-C97),M,Not Stated/Unknown,27.0,,
229,2013,Viral Hepatitis (B15-B19),F,Asian and Pacific Islander,15.0,2.5,2.5
230,2009,"Mental and Behavioral Disorders due to Accidental Poisoning and Other Psychoactive Substance Use (F11-F16, F18-F19, X40-X42, X44)",M,Other Race/ Ethnicity,,,
231,2014,"Diseases of Heart (I00-I09, I11, I13, I20-I51)",M,Not Stated/Unknown,115.0,,
232,2009,"Diseases of Heart (I00-I09, I11, I13, I20-I51)",F,White Non-Hispanic,6297.0,438.3,226.2
233,2011,Human Immunodeficiency Virus Disease (HIV: B20-B24),M,Hispanic,162.0,14.1,16.2
234,2014,Malignant Neoplasms (Cancer: C00-C97),F,Asian and Pacific Islander,502.0,80.2,80.6
235,2012,All Other Causes,M,Hispanic,1199.0,102.6,150.5
236,2011,"Essential Hypertension and Renal Diseases (I10, I12)",M,Black Non-Hispanic,154.0,18.1,21.7
237,2012,"Diseases of Heart (I00-I09, I11, I13, I20-I51)",M,Other Race/ Ethnicity,39.0,,
238,2008,Diabetes Mellitus (E10-E14),F,Black Non-Hispanic,380.0,36.3,34.3
239,2011,All Other Causes,M,Black Non-Hispanic,1337.0,156.7,181.7
240,2007,Human Immunodeficiency Virus Disease (HIV: B20-B24),F,Not Stated/Unknown,5.0,,
241,2010,Chronic Lower Respiratory Diseases (J40-J47),M,Black Non-Hispanic,202.0,23.7,30.9
242,2012,Influenza (Flu) and Pneumonia (J09-J18),F,Other Race/ Ethnicity,6.0,,
243,2010,All Other Causes,M,Other Race/ Ethnicity,25.0,,
244,2014,Cerebrovascular Disease (Stroke: I60-I69),F,White Non-Hispanic,418.0,29.5,15.6
245,2008,Human Immunodeficiency Virus Disease (HIV: B20-B24),F,Black Non-Hispanic,227.0,21.7,20
246,2010,Septicemia (A40-A41),F,Not Stated/Unknown,,,
247,2008,Diabetes Mellitus (E10-E14),F,Hispanic,228.0,19.3,24.1
248,2013,Chronic Lower Respiratory Diseases (J40-J47),F,White Non-Hispanic,521.0,36.6,21.6
249,2013,"Accidents Except Drug Posioning (V01-X39, X43, X45-X59, Y85-Y86)",M,Hispanic,189.0,16,19
250,2012,Influenza (Flu) and Pneumonia (J09-J18),M,Asian and Pacific Islander,76.0,14.1,20.9
251,2011,"Accidents Except Drug Posioning (V01-X39, X43, X45-X59, Y85-Y86)",F,Asian and Pacific Islander,43.0,7.5,8.5
252,2010,"Intentional Self-Harm (Suicide: X60-X84, Y87.0)",F,Asian and Pacific Islander,17.0,3,2.9
253,2011,"Mental and Behavioral Disorders due to Accidental Poisoning and Other Psychoactive Substance Use (F11-F16, F18-F19, X40-X42, X44)",M,Black Non-Hispanic,135.0,15.8,14.8
254,2012,Influenza (Flu) and Pneumonia (J09-J18),F,Asian and Pacific Islander,74.0,12.7,15.1
255,2013,Influenza (Flu) and Pneumonia (J09-J18),F,Hispanic,204.0,16.3,18.5
256,2013,Malignant Neoplasms (Cancer: C00-C97),F,Other Race/ Ethnicity,43.0,,
257,2011,"Diseases of Heart (I00-I09, I11, I13, I20-I51)",F,Asian and Pacific Islander,402.0,70.5,86.1
258,2014,"Chronic Liver Disease and Cirrhosis (K70, K73)",F,Hispanic,66.0,5.2,5.4
259,2009,Diabetes Mellitus (E10-E14),F,White Non-Hispanic,229.0,15.9,9.5
260,2013,All Other Causes,M,Black Non-Hispanic,1341.0,156.3,175.7
261,2012,Malignant Neoplasms (Cancer: C00-C97),F,Hispanic,1125.0,90.8,100.5
262,2011,"Intentional Self-Harm (Suicide: X60-X84, Y87.0)",F,Asian and Pacific Islander,21.0,3.7,3.7
263,2010,"Essential Hypertension and Renal Diseases (I10, I12)",F,Not Stated/Unknown,5.0,,
264,2007,"Nephritis, Nephrotic Syndrome and Nephrisis (N00-N07, N17-N19, N25-N27)",F,Asian and Pacific Islander,13.0,2.5,3.2
265,2014,Cerebrovascular Disease (Stroke: I60-I69),M,Hispanic,165.0,13.8,20.4
266,2007,Influenza (Flu) and Pneumonia (J09-J18),F,Asian and Pacific Islander,58.0,11.3,15.8
267,2010,Alzheimer's Disease (G30),F,White Non-Hispanic,247.0,17.3,7.5
268,2013,Septicemia (A40-A41),F,White Non-Hispanic,135.0,9.5,5
269,2008,"Diseases of Heart (I00-I09, I11, I13, I20-I51)",M,Hispanic,1330.0,120.3,228
270,2008,Cerebrovascular Disease (Stroke: I60-I69),M,Asian and Pacific Islander,48.0,9.6,14.1
271,2008,Chronic Lower Respiratory Diseases (J40-J47),F,Not Stated/Unknown,,,
272,2008,Cerebrovascular Disease (Stroke: I60-I69),F,Black Non-Hispanic,267.0,25.5,23.6
273,2011,"Diseases of Heart (I00-I09, I11, I13, I20-I51)",F,Not Stated/Unknown,43.0,,
274,2011,"Essential Hypertension and Renal Diseases (I10, I12)",M,White Non-Hispanic,142.0,10.6,8.8
275,2010,All Other Causes,F,Other Race/ Ethnicity,27.0,,
276,2012,"Nephritis, Nephrotic Syndrome and Nephrisis (N00-N07, N17-N19, N25-N27)",F,Asian and Pacific Islander,22.0,3.8,4.3
277,2011,Diabetes Mellitus (E10-E14),F,Hispanic,196.0,16,18.5
278,2009,All Other Causes,F,Black Non-Hispanic,1305.0,124.6,117.3
279,2011,Alzheimer's Disease (G30),F,Black Non-Hispanic,90.0,8.6,7.4
280,2012,"Accidents Except Drug Posioning (V01-X39, X43, X45-X59, Y85-Y86)",F,Hispanic,60.0,4.8,5.2
281,2010,"Diseases of Heart (I00-I09, I11, I13, I20-I51)",F,White Non-Hispanic,5351.0,374.2,189.2
282,2013,Malignant Neoplasms (Cancer: C00-C97),M,White Non-Hispanic,3132.0,232.7,194.5
283,2008,All Other Causes,F,White Non-Hispanic,1706.0,118.9,78.6
284,2014,All Other Causes,F,Asian and Pacific Islander,339.0,54.2,59
285,2007,Diabetes Mellitus (E10-E14),M,Other Race/ Ethnicity,11.0,,
286,2007,"Diseases of Heart (I00-I09, I11, I13, I20-I51)",F,Asian and Pacific Islander,428.0,83.1,115.2
287,2013,Malignant Neoplasms (Cancer: C00-C97),F,White Non-Hispanic,3187.0,224.2,153.3
288,2013,"Essential Hypertension and Renal Diseases (I10, I12)",F,Not Stated/Unknown,7.0,,
289,2011,Malignant Neoplasms (Cancer: C00-C97),M,Asian and Pacific Islander,550.0,104.1,130.4
290,2007,Chronic Lower Respiratory Diseases (J40-J47),M,Not Stated/Unknown,,,
291,2007,"Diseases of Heart (I00-I09, I11, I13, I20-I51)",M,Other Race/ Ethnicity,36.0,,
292,2012,Alzheimer's Disease (G30),F,Other Race/ Ethnicity,,,
293,2009,"Mental and Behavioral Disorders due to Accidental Poisoning and Other Psychoactive Substance Use (F11-F16, F18-F19, X40-X42, X44)",F,White Non-Hispanic,75.0,5.2,5.1
294,2012,Chronic Lower Respiratory Diseases (J40-J47),F,White Non-Hispanic,507.0,35.7,21.4
295,2009,"Essential Hypertension and Renal Diseases (I10, I12)",F,White Non-Hispanic,215.0,15,7.8
296,2014,Cerebrovascular Disease (Stroke: I60-I69),F,Not Stated/Unknown,10.0,,
297,2008,"Assault (Homicide: Y87.1, X85-Y09)",M,Not Stated/Unknown,8.0,,
298,2014,Diabetes Mellitus (E10-E14),M,Not Stated/Unknown,8.0,,
299,2007,"Accidents Except Drug Posioning (V01-X39, X43, X45-X59, Y85-Y86)",M,Asian and Pacific Islander,53.0,11,13
300,2009,Diabetes Mellitus (E10-E14),F,Black Non-Hispanic,384.0,36.7,33.7
301,2012,Cerebrovascular Disease (Stroke: I60-I69),F,Not Stated/Unknown,9.0,,
302,2007,Malignant Neoplasms (Cancer: C00-C97),F,Not Stated/Unknown,51.0,,
303,2011,All Other Causes,F,Asian and Pacific Islander,278.0,48.7,57.4
304,2009,All Other Causes,M,Black Non-Hispanic,1246.0,146.7,167.7
305,2013,"Accidents Except Drug Posioning (V01-X39, X43, X45-X59, Y85-Y86)",M,Black Non-Hispanic,159.0,18.5,19.1
306,2014,"Intentional Self-Harm (Suicide: X60-X84, Y87.0)",M,Asian and Pacific Islander,50.0,8.7,8.7
307,2008,"Mental and Behavioral Disorders due to Accidental Poisoning and Other Psychoactive Substance Use (F11-F16, F18-F19, X40-X42, X44)",M,White Non-Hispanic,227.0,16.9,15.5
308,2011,"Assault (Homicide: Y87.1, X85-Y09)",M,Black Non-Hispanic,266.0,31.2,31.5
309,2007,"Accidents Except Drug Posioning (V01-X39, X43, X45-X59, Y85-Y86)",F,Other Race/ Ethnicity,,,
310,2013,All Other Causes,F,Asian and Pacific Islander,320.0,53.3,59
311,2014,Cerebrovascular Disease (Stroke: I60-I69),F,Asian and Pacific Islander,112.0,17.9,19.1
312,2009,Diabetes Mellitus (E10-E14),M,Hispanic,172.0,15.3,25.4
313,2013,"Essential Hypertension and Renal Diseases (I10, I12)",M,White Non-Hispanic,156.0,11.6,9.3
314,2008,"Congenital Malformations, Deformations, and Chromosomal Abnormalities (Q00-Q99)",M,Asian and Pacific Islander,14.0,2.8,3
315,2010,Chronic Lower Respiratory Diseases (J40-J47),M,Other Race/ Ethnicity,5.0,,
316,2008,"Intentional Self-Harm (Suicide: X60-X84, Y87.0)",F,Asian and Pacific Islander,26.0,4.9,4.5
317,2010,Diabetes Mellitus (E10-E14),M,White Non-Hispanic,245.0,18.3,15.6
318,2014,"Intentional Self-Harm (Suicide: X60-X84, Y87.0)",F,Other Race/ Ethnicity,5.0,,
319,2012,"Assault (Homicide: Y87.1, X85-Y09)",M,Other Race/ Ethnicity,,,
320,2014,"Accidents Except Drug Posioning (V01-X39, X43, X45-X59, Y85-Y86)",F,Not Stated/Unknown,,,
321,2008,"Assault (Homicide: Y87.1, X85-Y09)",M,Other Race/ Ethnicity,5.0,,
322,2009,"Diseases of Heart (I00-I09, I11, I13, I20-I51)",F,Black Non-Hispanic,2535.0,242.1,220.9
323,2014,Chronic Lower Respiratory Diseases (J40-J47),M,Not Stated/Unknown,14.0,,
324,2010,"Essential Hypertension and Renal Diseases (I10, I12)",M,Black Non-Hispanic,178.0,20.9,27.7
325,2013,All Other Causes,F,Not Stated/Unknown,79.0,,
326,2010,"Assault (Homicide: Y87.1, X85-Y09)",M,Black Non-Hispanic,299.0,35.1,35.5
327,2014,Chronic Lower Respiratory Diseases (J40-J47),M,Hispanic,145.0,12.1,19.3
328,2008,"Diseases of Heart (I00-I09, I11, I13, I20-I51)",M,White Non-Hispanic,5503.0,410,342.3
329,2009,Chronic Lower Respiratory Diseases (J40-J47),F,Hispanic,155.0,12.9,16
330,2012,Certain Conditions originating in the Perinatal Period (P00-P96),M,Not Stated/Unknown,17.0,,
331,2008,All Other Causes,F,Black Non-Hispanic,1268.0,121,116.1
332,2012,Septicemia (A40-A41),F,Other Race/ Ethnicity,,,
333,2011,Human Immunodeficiency Virus Disease (HIV: B20-B24),F,Black Non-Hispanic,144.0,13.8,12.4
334,2008,Alzheimer's Disease (G30),F,White Non-Hispanic,151.0,10.5,5.1
335,2009,Cerebrovascular Disease (Stroke: I60-I69),F,Hispanic,154.0,12.9,16
336,2010,Malignant Neoplasms (Cancer: C00-C97),F,White Non-Hispanic,3438.0,240.4,163
337,2009,Chronic Lower Respiratory Diseases (J40-J47),F,Asian and Pacific Islander,30.0,5.5,7.4
338,2014,"Intentional Self-Harm (Suicide: X60-X84, Y87.0)",F,Asian and Pacific Islander,28.0,4.5,4.2
339,2013,Alzheimer's Disease (G30),M,Other Race/ Ethnicity,,,
340,2007,All Other Causes,M,Hispanic,988.0,90.6,142.6
341,2009,"Accidents Except Drug Posioning (V01-X39, X43, X45-X59, Y85-Y86)",M,White Non-Hispanic,279.0,20.7,18.7
342,2011,Influenza (Flu) and Pneumonia (J09-J18),F,Asian and Pacific Islander,83.0,14.5,17.8
343,2013,Cerebrovascular Disease (Stroke: I60-I69),F,Hispanic,222.0,17.8,19.8
344,2012,Cerebrovascular Disease (Stroke: I60-I69),M,Not Stated/Unknown,10.0,,
345,2014,"Diseases of Heart (I00-I09, I11, I13, I20-I51)",M,White Non-Hispanic,3990.0,297.1,238.4
346,2009,"Accidents Except Drug Posioning (V01-X39, X43, X45-X59, Y85-Y86)",M,Not Stated/Unknown,16.0,,
347,2008,Chronic Lower Respiratory Diseases (J40-J47),F,White Non-Hispanic,518.0,36.1,21.4
348,2012,All Other Causes,F,White Non-Hispanic,2444.0,172.3,105.1
349,2013,Cerebrovascular Disease (Stroke: I60-I69),M,Hispanic,158.0,13.4,20.8
350,2013,"Essential Hypertension and Renal Diseases (I10, I12)",F,Asian and Pacific Islander,50.0,8.3,9.3
351,2007,Influenza (Flu) and Pneumonia (J09-J18),M,Black Non-Hispanic,229.0,26.9,40.1
352,2011,All Other Causes,M,Asian and Pacific Islander,340.0,64.3,85.1
353,2014,"Essential Hypertension and Renal Diseases (I10, I12)",M,Black Non-Hispanic,155.0,18,21.6
354,2011,"Congenital Malformations, Deformations, and Chromosomal Abnormalities (Q00-Q99)",M,Not Stated/Unknown,,,
355,2012,Chronic Lower Respiratory Diseases (J40-J47),M,Black Non-Hispanic,184.0,21.5,27.3
356,2009,Malignant Neoplasms (Cancer: C00-C97),F,Asian and Pacific Islander,398.0,72.5,83.5
357,2007,Diabetes Mellitus (E10-E14),F,Black Non-Hispanic,358.0,34,32.5
358,2010,Chronic Lower Respiratory Diseases (J40-J47),F,Black Non-Hispanic,206.0,19.6,17.7
359,2014,All Other Causes,M,Other Race/ Ethnicity,74.0,,
360,2007,Diabetes Mellitus (E10-E14),M,Black Non-Hispanic,246.0,28.9,38.1
361,2012,Chronic Lower Respiratory Diseases (J40-J47),M,White Non-Hispanic,352.0,26.3,21.8
362,2011,"Nephritis, Nephrotic Syndrome and Nephrisis (N00-N07, N17-N19, N25-N27)",F,Black Non-Hispanic,83.0,7.9,6.9
363,2012,"Diseases of Heart (I00-I09, I11, I13, I20-I51)",M,Hispanic,1251.0,107.1,182.5
364,2007,Cerebrovascular Disease (Stroke: I60-I69),F,Asian and Pacific Islander,70.0,13.6,17.6
365,2013,"Diseases of Heart (I00-I09, I11, I13, I20-I51)",M,Black Non-Hispanic,1868.0,217.7,258.5
366,2007,Diabetes Mellitus (E10-E14),M,Not Stated/Unknown,9.0,,
367,2007,Cerebrovascular Disease (Stroke: I60-I69),F,Hispanic,164.0,14,18.3
368,2010,Cerebrovascular Disease (Stroke: I60-I69),M,Black Non-Hispanic,171.0,20.1,23.9
369,2009,Cerebrovascular Disease (Stroke: I60-I69),F,Black Non-Hispanic,245.0,23.4,21.3
370,2010,"Essential Hypertension and Renal Diseases (I10, I12)",F,Hispanic,95.0,7.8,9.5
371,2008,Malignant Neoplasms (Cancer: C00-C97),M,Hispanic,1080.0,97.7,165.9
372,2011,"Mental and Behavioral Disorders due to Accidental Poisoning and Other Psychoactive Substance Use (F11-F16, F18-F19, X40-X42, X44)",F,Not Stated/Unknown,,,
373,2013,Influenza (Flu) and Pneumonia (J09-J18),F,White Non-Hispanic,622.0,43.7,22.1
374,2009,"Accidents Except Drug Posioning (V01-X39, X43, X45-X59, Y85-Y86)",M,Black Non-Hispanic,134.0,15.8,16.8
375,2012,Influenza (Flu) and Pneumonia (J09-J18),M,Hispanic,205.0,17.5,31.5
376,2008,Diabetes Mellitus (E10-E14),M,Black Non-Hispanic,265.0,31.2,40.2
377,2010,Viral Hepatitis (B15-B19),F,Not Stated/Unknown,,,
378,2008,Human Immunodeficiency Virus Disease (HIV: B20-B24),M,Not Stated/Unknown,9.0,,
379,2009,Cerebrovascular Disease (Stroke: I60-I69),F,Not Stated/Unknown,5.0,,
380,2014,Cerebrovascular Disease (Stroke: I60-I69),F,Black Non-Hispanic,274.0,26.1,21.4
381,2007,Human Immunodeficiency Virus Disease (HIV: B20-B24),M,Black Non-Hispanic,377.0,44.2,44.2
382,2010,"Intentional Self-Harm (Suicide: X60-X84, Y87.0)",F,Other Race/ Ethnicity,5.0,,
383,2010,"Mental and Behavioral Disorders due to Accidental Poisoning and Other Psychoactive Substance Use (F11-F16, F18-F19, X40-X42, X44)",F,Other Race/ Ethnicity,,,
384,2010,Malignant Neoplasms (Cancer: C00-C97),F,Asian and Pacific Islander,414.0,73.6,79.9
385,2009,All Other Causes,M,Not Stated/Unknown,55.0,,
386,2013,Cerebrovascular Disease (Stroke: I60-I69),M,Asian and Pacific Islander,71.0,12.8,16.1
387,2008,Diabetes Mellitus (E10-E14),F,Not Stated/Unknown,12.0,,
388,2007,"Diseases of Heart (I00-I09, I11, I13, I20-I51)",M,Asian and Pacific Islander,496.0,102.5,157.8
389,2014,"Diseases of Heart (I00-I09, I11, I13, I20-I51)",F,White Non-Hispanic,4507.0,318,161
390,2011,"Essential Hypertension and Renal Diseases (I10, I12)",F,Not Stated/Unknown,,,
391,2012,"Assault (Homicide: Y87.1, X85-Y09)",F,Other Race/ Ethnicity,,,
392,2009,"Diseases of Heart (I00-I09, I11, I13, I20-I51)",M,Not Stated/Unknown,94.0,,
393,2009,"Mental and Behavioral Disorders due to Accidental Poisoning and Other Psychoactive Substance Use (F11-F16, F18-F19, X40-X42, X44)",M,Not Stated/Unknown,7.0,,
394,2010,"Intentional Self-Harm (Suicide: X60-X84, Y87.0)",M,White Non-Hispanic,182.0,13.6,12.3
395,2013,"Chronic Liver Disease and Cirrhosis (K70, K73)",M,Asian and Pacific Islander,29.0,5.2,5.4
396,2009,Malignant Neoplasms (Cancer: C00-C97),F,Not Stated/Unknown,41.0,,
397,2007,"Intentional Self-Harm (Suicide: X60-X84, Y87.0)",M,White Non-Hispanic,187.0,14,12.7
398,2013,Influenza (Flu) and Pneumonia (J09-J18),F,Other Race/ Ethnicity,6.0,,
399,2007,Influenza (Flu) and Pneumonia (J09-J18),F,Other Race/ Ethnicity,,,
400,2008,"Nephritis, Nephrotic Syndrome and Nephrisis (N00-N07, N17-N19, N25-N27)",M,Asian and Pacific Islander,14.0,2.8,4.9
401,2007,"Diseases of Heart (I00-I09, I11, I13, I20-I51)",F,Hispanic,1418.0,121.5,164.3
402,2014,Alzheimer's Disease (G30),F,Not Stated/Unknown,,,
403,2007,Chronic Lower Respiratory Diseases (J40-J47),M,Asian and Pacific Islander,43.0,8.9,16.7
404,2009,Influenza (Flu) and Pneumonia (J09-J18),F,White Non-Hispanic,629.0,43.8,23.1
405,2010,Cerebrovascular Disease (Stroke: I60-I69),M,Not Stated/Unknown,,,
406,2010,Malignant Neoplasms (Cancer: C00-C97),M,Black Non-Hispanic,1540.0,180.9,224.1
407,2009,Certain Conditions originating in the Perinatal Period (P00-P96),F,Other Race/ Ethnicity,,,
408,2011,"Essential Hypertension and Renal Diseases (I10, I12)",F,Black Non-Hispanic,225.0,21.5,18.7
409,2009,Chronic Lower Respiratory Diseases (J40-J47),M,Asian and Pacific Islander,51.0,10,16.9
410,2007,Chronic Lower Respiratory Diseases (J40-J47),F,Black Non-Hispanic,163.0,15.5,14.8
411,2010,Cerebrovascular Disease (Stroke: I60-I69),F,Other Race/ Ethnicity,,,
412,2014,Influenza (Flu) and Pneumonia (J09-J18),M,Asian and Pacific Islander,105.0,18.3,25
413,2011,Diabetes Mellitus (E10-E14),M,White Non-Hispanic,258.0,19.3,16.3
414,2007,"Mental and Behavioral Disorders due to Accidental Poisoning and Other Psychoactive Substance Use (F11-F16, F18-F19, X40-X42, X44)",M,Black Non-Hispanic,163.0,19.1,19
415,2011,Chronic Lower Respiratory Diseases (J40-J47),M,Not Stated/Unknown,,,
416,2007,"Mental and Behavioral Disorders due to Accidental Poisoning and Other Psychoactive Substance Use (F11-F16, F18-F19, X40-X42, X44)",M,White Non-Hispanic,261.0,19.5,17.6
417,2014,Alzheimer's Disease (G30),F,Asian and Pacific Islander,26.0,4.2,4.7
418,2008,"Essential Hypertension and Renal Diseases (I10, I12)",M,Asian and Pacific Islander,31.0,6.2,9.8
419,2009,"Diseases of Heart (I00-I09, I11, I13, I20-I51)",F,Hispanic,1349.0,112.7,143.8
420,2013,"Diseases of Heart (I00-I09, I11, I13, I20-I51)",F,Other Race/ Ethnicity,41.0,,
421,2007,Chronic Lower Respiratory Diseases (J40-J47),F,White Non-Hispanic,472.0,32.9,19.6
422,2008,Malignant Neoplasms (Cancer: C00-C97),F,Black Non-Hispanic,1756.0,167.6,156.3
423,2012,Diabetes Mellitus (E10-E14),F,Hispanic,200.0,16.1,18.4
424,2008,Influenza (Flu) and Pneumonia (J09-J18),M,Black Non-Hispanic,222.0,26.1,37.6
425,2011,"Assault (Homicide: Y87.1, X85-Y09)",M,Other Race/ Ethnicity,,,
426,2011,Influenza (Flu) and Pneumonia (J09-J18),M,Black Non-Hispanic,243.0,28.5,38
427,2014,"Diseases of Heart (I00-I09, I11, I13, I20-I51)",M,Hispanic,1281.0,107.3,170.5
428,2011,Alzheimer's Disease (G30),F,Not Stated/Unknown,,,
429,2007,Atherosclerosis (I70),F,Other Race/ Ethnicity,,,
430,2009,Alzheimer's Disease (G30),F,Black Non-Hispanic,79.0,7.5,6.8
431,2009,Chronic Lower Respiratory Diseases (J40-J47),M,Hispanic,111.0,9.9,18.3
432,2013,Influenza (Flu) and Pneumonia (J09-J18),M,Asian and Pacific Islander,102.0,18.4,26.8
433,2011,All Other Causes,M,Not Stated/Unknown,38.0,,
434,2010,Human Immunodeficiency Virus Disease (HIV: B20-B24),F,Hispanic,79.0,6.5,6.5
435,2012,Diabetes Mellitus (E10-E14),M,Asian and Pacific Islander,76.0,14.1,18
436,2011,"Mental and Behavioral Disorders due to Accidental Poisoning and Other Psychoactive Substance Use (F11-F16, F18-F19, X40-X42, X44)",F,White Non-Hispanic,88.0,6.2,6.1
437,2011,Influenza (Flu) and Pneumonia (J09-J18),M,Hispanic,209.0,18.1,34.4
438,2014,All Other Causes,F,Hispanic,1135.0,89.6,96
439,2011,"Diseases of Heart (I00-I09, I11, I13, I20-I51)",M,White Non-Hispanic,4220.0,316.4,260.2
440,2013,Chronic Lower Respiratory Diseases (J40-J47),F,Hispanic,168.0,13.5,14.8
441,2007,Human Immunodeficiency Virus Disease (HIV: B20-B24),M,Not Stated/Unknown,6.0,,
442,2013,Diabetes Mellitus (E10-E14),M,Asian and Pacific Islander,96.0,17.3,21.1
443,2007,Malignant Neoplasms (Cancer: C00-C97),M,Other Race/ Ethnicity,29.0,,
444,2012,"Congenital Malformations, Deformations, and Chromosomal Abnormalities (Q00-Q99)",F,Not Stated/Unknown,8.0,,
445,2007,Malignant Neoplasms (Cancer: C00-C97),F,White Non-Hispanic,3518.0,245.2,167.4
446,2011,"Intentional Self-Harm (Suicide: X60-X84, Y87.0)",M,White Non-Hispanic,177.0,13.3,12
447,2009,Influenza (Flu) and Pneumonia (J09-J18),M,Other Race/ Ethnicity,,,
448,2009,"Diseases of Heart (I00-I09, I11, I13, I20-I51)",F,Not Stated/Unknown,111.0,,
449,2013,"Essential Hypertension and Renal Diseases (I10, I12)",F,Black Non-Hispanic,240.0,23,18.9
450,2007,"Essential Hypertension and Renal Diseases (I10, I12)",F,Asian and Pacific Islander,22.0,4.3,6.3
451,2012,"Diseases of Heart (I00-I09, I11, I13, I20-I51)",M,Not Stated/Unknown,99.0,,
452,2014,Cerebrovascular Disease (Stroke: I60-I69),F,Other Race/ Ethnicity,8.0,,
453,2010,All Other Causes,M,Asian and Pacific Islander,308.0,59.2,77.2
454,2007,Cerebrovascular Disease (Stroke: I60-I69),F,Other Race/ Ethnicity,,,
455,2010,"Chronic Liver Disease and Cirrhosis (K70, K73)",M,Asian and Pacific Islander,18.0,3.5,3.1
456,2012,All Other Causes,F,Not Stated/Unknown,53.0,,
457,2012,"Chronic Liver Disease and Cirrhosis (K70, K73)",M,Hispanic,143.0,12.2,15
458,2013,All Other Causes,F,Hispanic,1082.0,86.7,94
459,2013,Cerebrovascular Disease (Stroke: I60-I69),M,Other Race/ Ethnicity,10.0,,
460,2008,"Diseases of Heart (I00-I09, I11, I13, I20-I51)",F,Not Stated/Unknown,108.0,,
461,2012,"Essential Hypertension and Renal Diseases (I10, I12)",F,Black Non-Hispanic,214.0,20.5,17.4
462,2009,Chronic Lower Respiratory Diseases (J40-J47),M,Not Stated/Unknown,6.0,,
463,2011,Chronic Lower Respiratory Diseases (J40-J47),F,Not Stated/Unknown,5.0,,
464,2012,Malignant Neoplasms (Cancer: C00-C97),M,Asian and Pacific Islander,622.0,115.1,138.4
465,2013,"Diseases of Heart (I00-I09, I11, I13, I20-I51)",F,Asian and Pacific Islander,437.0,72.8,81.8
466,2014,Influenza (Flu) and Pneumonia (J09-J18),M,White Non-Hispanic,502.0,37.4,29.7
467,2007,Malignant Neoplasms (Cancer: C00-C97),F,Asian and Pacific Islander,395.0,76.7,88.4
468,2011,"Intentional Self-Harm (Suicide: X60-X84, Y87.0)",M,Asian and Pacific Islander,49.0,9.3,9.4
469,2014,"Accidents Except Drug Posioning (V01-X39, X43, X45-X59, Y85-Y86)",F,Other Race/ Ethnicity,6.0,,
470,2011,Chronic Lower Respiratory Diseases (J40-J47),F,Black Non-Hispanic,221.0,21.1,18.6
471,2008,Diabetes Mellitus (E10-E14),F,White Non-Hispanic,210.0,14.6,8.8
472,2008,All Other Causes,M,Asian and Pacific Islander,238.0,47.8,63.3
473,2009,Alzheimer's Disease (G30),F,White Non-Hispanic,205.0,14.3,6.5
474,2013,Malignant Neoplasms (Cancer: C00-C97),F,Not Stated/Unknown,94.0,,
475,2013,"Intentional Self-Harm (Suicide: X60-X84, Y87.0)",M,White Non-Hispanic,204.0,15.2,13.6
476,2013,All Other Causes,M,Other Race/ Ethnicity,42.0,,
477,2007,"Intentional Self-Harm (Suicide: X60-X84, Y87.0)",M,Asian and Pacific Islander,36.0,7.4,7.7
478,2011,All Other Causes,F,Hispanic,1025.0,83.7,94.8
479,2010,Diabetes Mellitus (E10-E14),M,Other Race/ Ethnicity,5.0,,
480,2013,All Other Causes,F,Black Non-Hispanic,1557.0,149.1,129.5
481,2007,Alzheimer's Disease (G30),F,White Non-Hispanic,107.0,7.5,3.5
482,2011,Influenza (Flu) and Pneumonia (J09-J18),F,Hispanic,218.0,17.8,21.5
483,2007,Chronic Lower Respiratory Diseases (J40-J47),F,Asian and Pacific Islander,29.0,5.6,7.9
484,2014,"Nephritis, Nephrotic Syndrome and Nephrisis (N00-N07, N17-N19, N25-N27)",M,Asian and Pacific Islander,28.0,4.9,5.8
485,2014,Cerebrovascular Disease (Stroke: I60-I69),M,Asian and Pacific Islander,91.0,15.9,19.3
486,2012,"Chronic Liver Disease and Cirrhosis (K70, K73)",F,Hispanic,54.0,4.4,4.6
487,2009,"Assault (Homicide: Y87.1, X85-Y09)",M,Not Stated/Unknown,7.0,,
488,2014,Influenza (Flu) and Pneumonia (J09-J18),M,Other Race/ Ethnicity,11.0,,
489,2011,Diabetes Mellitus (E10-E14),M,Hispanic,200.0,17.3,29.2
490,2007,Malignant Neoplasms (Cancer: C00-C97),F,Hispanic,969.0,83,100.7
491,2009,"Chronic Liver Disease and Cirrhosis (K70, K73)",F,Not Stated/Unknown,,,
492,2007,All Other Causes,M,White Non-Hispanic,1749.0,130.7,115.9
493,2010,"Diseases of Heart (I00-I09, I11, I13, I20-I51)",F,Not Stated/Unknown,70.0,,
494,2011,All Other Causes,F,Not Stated/Unknown,14.0,,
495,2007,"Diseases of Heart (I00-I09, I11, I13, I20-I51)",M,White Non-Hispanic,5632.0,421,350.7
496,2010,Chronic Lower Respiratory Diseases (J40-J47),M,White Non-Hispanic,388.0,28.9,24.2
497,2013,Alzheimer's Disease (G30),F,White Non-Hispanic,263.0,18.5,8.4
498,2010,Chronic Lower Respiratory Diseases (J40-J47),M,Asian and Pacific Islander,61.0,11.7,17.8
499,2009,All Other Causes,M,Asian and Pacific Islander,220.0,43.1,56.1
500,2009,Malignant Neoplasms (Cancer: C00-C97),M,Black Non-Hispanic,1557.0,183.4,228.8
501,2013,Diabetes Mellitus (E10-E14),F,Asian and Pacific Islander,60.0,10,10.9
502,2014,Chronic Lower Respiratory Diseases (J40-J47),F,Asian and Pacific Islander,36.0,5.8,6.3
503,2010,"Diseases of Heart (I00-I09, I11, I13, I20-I51)",M,Asian and Pacific Islander,478.0,91.8,130
504,2011,Alzheimer's Disease (G30),F,Asian and Pacific Islander,24.0,4.2,5.4
505,2010,Viral Hepatitis (B15-B19),M,Not Stated/Unknown,,,
506,2008,"Intentional Self-Harm (Suicide: X60-X84, Y87.0)",M,Other Race/ Ethnicity,,,
507,2011,Chronic Lower Respiratory Diseases (J40-J47),F,Other Race/ Ethnicity,,,
508,2012,Chronic Lower Respiratory Diseases (J40-J47),M,Not Stated/Unknown,11.0,,
509,2007,"Essential Hypertension and Renal Diseases (I10, I12)",F,Not Stated/Unknown,5.0,,
510,2014,Malignant Neoplasms (Cancer: C00-C97),M,Other Race/ Ethnicity,50.0,,
511,2007,"Accidents Except Drug Posioning (V01-X39, X43, X45-X59, Y85-Y86)",M,Black Non-Hispanic,158.0,18.5,20.6
512,2013,Influenza (Flu) and Pneumonia (J09-J18),M,Other Race/ Ethnicity,8.0,,
513,2013,"Diseases of Heart (I00-I09, I11, I13, I20-I51)",M,Not Stated/Unknown,151.0,,
514,2011,"Nephritis, Nephrotic Syndrome and Nephrisis (N00-N07, N17-N19, N25-N27)",F,Not Stated/Unknown,,,
515,2013,Alzheimer's Disease (G30),F,Hispanic,120.0,9.6,11
516,2009,Influenza (Flu) and Pneumonia (J09-J18),M,Asian and Pacific Islander,84.0,16.5,26.1
517,2007,Certain Conditions originating in the Perinatal Period (P00-P96),F,Other Race/ Ethnicity,,,
518,2008,"Accidents Except Drug Posioning (V01-X39, X43, X45-X59, Y85-Y86)",F,White Non-Hispanic,193.0,13.4,9.4
519,2014,"Accidents Except Drug Posioning (V01-X39, X43, X45-X59, Y85-Y86)",M,White Non-Hispanic,258.0,19.2,16.4
520,2013,Human Immunodeficiency Virus Disease (HIV: B20-B24),F,Black Non-Hispanic,107.0,10.2,8.7
521,2010,All Other Causes,F,Not Stated/Unknown,18.0,,
522,2012,Influenza (Flu) and Pneumonia (J09-J18),F,White Non-Hispanic,576.0,40.6,20.2
523,2014,All Other Causes,F,Not Stated/Unknown,48.0,,
524,2007,Influenza (Flu) and Pneumonia (J09-J18),F,Not Stated/Unknown,,,
525,2010,All Other Causes,M,Hispanic,1167.0,102.1,150
526,2014,Influenza (Flu) and Pneumonia (J09-J18),F,Asian and Pacific Islander,80.0,12.8,14.1
527,2007,"Essential Hypertension and Renal Diseases (I10, I12)",F,Hispanic,78.0,6.7,8.9
528,2007,Chronic Lower Respiratory Diseases (J40-J47),M,White Non-Hispanic,345.0,25.8,21.7
529,2010,"Diseases of Heart (I00-I09, I11, I13, I20-I51)",M,Hispanic,1354.0,118.5,215.5
530,2011,Influenza (Flu) and Pneumonia (J09-J18),F,Other Race/ Ethnicity,6.0,,
531,2010,Certain Conditions originating in the Perinatal Period (P00-P96),F,Asian and Pacific Islander,18.0,3.2,4
532,2010,"Essential Hypertension and Renal Diseases (I10, I12)",F,White Non-Hispanic,219.0,15.3,7.7
533,2008,Cerebrovascular Disease (Stroke: I60-I69),F,White Non-Hispanic,379.0,26.4,14.9
534,2014,Malignant Neoplasms (Cancer: C00-C97),M,Not Stated/Unknown,73.0,,
535,2012,"Essential Hypertension and Renal Diseases (I10, I12)",F,Not Stated/Unknown,5.0,,
536,2013,"Essential Hypertension and Renal Diseases (I10, I12)",F,Hispanic,103.0,8.3,9.3
537,2009,Diabetes Mellitus (E10-E14),M,Asian and Pacific Islander,48.0,9.4,13.3
538,2012,All Other Causes,M,White Non-Hispanic,2316.0,172.9,145.7
539,2010,"Intentional Self-Harm (Suicide: X60-X84, Y87.0)",M,Asian and Pacific Islander,46.0,8.8,8.7
540,2012,"Diseases of Heart (I00-I09, I11, I13, I20-I51)",M,White Non-Hispanic,4156.0,310.3,252.4
541,2009,Cerebrovascular Disease (Stroke: I60-I69),M,Other Race/ Ethnicity,,,
542,2009,Influenza (Flu) and Pneumonia (J09-J18),F,Other Race/ Ethnicity,5.0,,
543,2010,Chronic Lower Respiratory Diseases (J40-J47),F,Hispanic,156.0,12.8,15.4
544,2010,"Accidents Except Drug Posioning (V01-X39, X43, X45-X59, Y85-Y86)",M,Asian and Pacific Islander,54.0,10.4,13.7
545,2010,Malignant Neoplasms (Cancer: C00-C97),F,Not Stated/Unknown,29.0,,
546,2014,Chronic Lower Respiratory Diseases (J40-J47),M,Black Non-Hispanic,186.0,21.5,25.4
547,2009,Influenza (Flu) and Pneumonia (J09-J18),F,Not Stated/Unknown,17.0,,
548,2011,Influenza (Flu) and Pneumonia (J09-J18),M,Other Race/ Ethnicity,7.0,,
549,2007,Influenza (Flu) and Pneumonia (J09-J18),F,Hispanic,190.0,16.3,22.3
550,2010,Diabetes Mellitus (E10-E14),F,Not Stated/Unknown,5.0,,
551,2014,Influenza (Flu) and Pneumonia (J09-J18),F,Not Stated/Unknown,11.0,,
552,2014,"Essential Hypertension and Renal Diseases (I10, I12)",F,Hispanic,116.0,9.2,10.1
553,2011,"Essential Hypertension and Renal Diseases (I10, I12)",F,Other Race/ Ethnicity,,,
554,2014,Malignant Neoplasms (Cancer: C00-C97),F,Hispanic,1154.0,91.1,97.4
555,2007,Certain Conditions originating in the Perinatal Period (P00-P96),F,Not Stated/Unknown,,,
556,2014,Influenza (Flu) and Pneumonia (J09-J18),M,Hispanic,199.0,16.7,26.6
557,2011,"Diseases of Heart (I00-I09, I11, I13, I20-I51)",F,Black Non-Hispanic,2243.0,214.3,186.7
558,2013,Influenza (Flu) and Pneumonia (J09-J18),F,Not Stated/Unknown,18.0,,
559,2013,"Accidents Except Drug Posioning (V01-X39, X43, X45-X59, Y85-Y86)",F,Asian and Pacific Islander,35.0,5.8,6.3
560,2014,Diabetes Mellitus (E10-E14),M,Asian and Pacific Islander,71.0,12.4,14.2
561,2007,Malignant Neoplasms (Cancer: C00-C97),F,Black Non-Hispanic,1800.0,171,161.7
562,2011,Cerebrovascular Disease (Stroke: I60-I69),M,Asian and Pacific Islander,79.0,15,18.5
563,2012,Cerebrovascular Disease (Stroke: I60-I69),M,Black Non-Hispanic,170.0,19.9,23.3
564,2009,All Other Causes,F,Not Stated/Unknown,26.0,,
565,2014,All Other Causes,M,White Non-Hispanic,2275.0,169.4,141.3
566,2014,"Diseases of Heart (I00-I09, I11, I13, I20-I51)",F,Asian and Pacific Islander,462.0,73.8,81.1
567,2009,Malignant Neoplasms (Cancer: C00-C97),M,Asian and Pacific Islander,506.0,99.1,127
568,2011,All Other Causes,F,Black Non-Hispanic,1473.0,140.7,128.8
569,2013,"Essential Hypertension and Renal Diseases (I10, I12)",M,Not Stated/Unknown,15.0,,
570,2011,"Essential Hypertension and Renal Diseases (I10, I12)",F,Hispanic,83.0,6.8,8.1
571,2008,Human Immunodeficiency Virus Disease (HIV: B20-B24),M,Other Race/ Ethnicity,,,
572,2012,"Diseases of Heart (I00-I09, I11, I13, I20-I51)",M,Asian and Pacific Islander,469.0,86.8,116.9
573,2013,Chronic Lower Respiratory Diseases (J40-J47),F,Black Non-Hispanic,258.0,24.7,20.8
574,2009,Malignant Neoplasms (Cancer: C00-C97),F,Other Race/ Ethnicity,19.0,,
575,2013,Malignant Neoplasms (Cancer: C00-C97),M,Other Race/ Ethnicity,32.0,,
576,2007,All Other Causes,F,Other Race/ Ethnicity,15.0,,
577,2012,"Mental and Behavioral Disorders due to Accidental Poisoning and Other Psychoactive Substance Use (F11-F16, F18-F19, X40-X42, X44)",M,Hispanic,173.0,14.8,15.5
578,2008,"Accidents Except Drug Posioning (V01-X39, X43, X45-X59, Y85-Y86)",F,Black Non-Hispanic,70.0,6.7,6.4
579,2010,Diabetes Mellitus (E10-E14),M,Hispanic,187.0,16.4,27.3
580,2008,Influenza (Flu) and Pneumonia (J09-J18),M,Hispanic,187.0,16.9,35.5
581,2009,All Other Causes,F,White Non-Hispanic,1684.0,117.2,77.2
582,2011,Certain Conditions originating in the Perinatal Period (P00-P96),F,Not Stated/Unknown,14.0,,
583,2009,Human Immunodeficiency Virus Disease (HIV: B20-B24),M,Not Stated/Unknown,8.0,,
584,2008,Influenza (Flu) and Pneumonia (J09-J18),M,Other Race/ Ethnicity,5.0,,
585,2010,"Diseases of Heart (I00-I09, I11, I13, I20-I51)",F,Hispanic,1316.0,108.1,133.2
586,2012,Alzheimer's Disease (G30),F,Black Non-Hispanic,115.0,11,8.9
587,2012,Chronic Lower Respiratory Diseases (J40-J47),M,Asian and Pacific Islander,55.0,10.2,15.1
588,2011,Influenza (Flu) and Pneumonia (J09-J18),F,White Non-Hispanic,696.0,49.1,25.4
589,2008,Insitu or Benign / Uncertain Neoplasms (D00-D48),F,Not Stated/Unknown,5.0,,
590,2007,Malignant Neoplasms (Cancer: C00-C97),M,Black Non-Hispanic,1523.0,178.7,229.4
591,2013,"Diseases of Heart (I00-I09, I11, I13, I20-I51)",M,White Non-Hispanic,4085.0,303.5,244.3
592,2014,Chronic Lower Respiratory Diseases (J40-J47),F,Black Non-Hispanic,220.0,21,17.9
593,2013,Diabetes Mellitus (E10-E14),M,Other Race/ Ethnicity,17.0,,
594,2007,"Accidents Except Drug Posioning (V01-X39, X43, X45-X59, Y85-Y86)",F,White Non-Hispanic,162.0,11.3,7.3
595,2007,"Intentional Self-Harm (Suicide: X60-X84, Y87.0)",F,Asian and Pacific Islander,22.0,4.3,3.9
596,2007,"Diseases of Heart (I00-I09, I11, I13, I20-I51)",F,Other Race/ Ethnicity,43.0,,
597,2007,"Essential Hypertension and Renal Diseases (I10, I12)",M,Asian and Pacific Islander,25.0,5.2,8.3
598,2008,Influenza (Flu) and Pneumonia (J09-J18),M,White Non-Hispanic,529.0,39.4,32.7
599,2007,Cerebrovascular Disease (Stroke: I60-I69),F,Not Stated/Unknown,,,
600,2014,Malignant Neoplasms (Cancer: C00-C97),F,Not Stated/Unknown,50.0,,
601,2009,Atherosclerosis (I70),F,Other Race/ Ethnicity,,,
602,2012,Cerebrovascular Disease (Stroke: I60-I69),F,Other Race/ Ethnicity,8.0,,
603,2011,"Essential Hypertension and Renal Diseases (I10, I12)",M,Asian and Pacific Islander,37.0,7,10.5
604,2010,"Essential Hypertension and Renal Diseases (I10, I12)",M,White Non-Hispanic,153.0,11.4,9.4
605,2008,Influenza (Flu) and Pneumonia (J09-J18),F,Black Non-Hispanic,318.0,30.4,28.6
606,2010,Certain Conditions originating in the Perinatal Period (P00-P96),F,Not Stated/Unknown,5.0,,
607,2008,Influenza (Flu) and Pneumonia (J09-J18),F,Not Stated/Unknown,14.0,,
608,2007,Chronic Lower Respiratory Diseases (J40-J47),F,Not Stated/Unknown,6.0,,
609,2010,Influenza (Flu) and Pneumonia (J09-J18),F,Not Stated/Unknown,,,
610,2013,Diabetes Mellitus (E10-E14),M,White Non-Hispanic,265.0,19.7,16.4
611,2014,Malignant Neoplasms (Cancer: C00-C97),F,White Non-Hispanic,3153.0,222.5,150.2
612,2010,Cerebrovascular Disease (Stroke: I60-I69),M,Asian and Pacific Islander,83.0,15.9,21.3
613,2011,Malignant Neoplasms (Cancer: C00-C97),F,Other Race/ Ethnicity,33.0,,
614,2009,"Nephritis, Nephrotic Syndrome and Nephrisis (N00-N07, N17-N19, N25-N27)",M,Other Race/ Ethnicity,,,
615,2009,Chronic Lower Respiratory Diseases (J40-J47),F,Other Race/ Ethnicity,,,
616,2011,Cerebrovascular Disease (Stroke: I60-I69),F,Hispanic,179.0,14.6,17.3
617,2008,"Intentional Self-Harm (Suicide: X60-X84, Y87.0)",M,Asian and Pacific Islander,30.0,6,6.3
618,2007,All Other Causes,F,Not Stated/Unknown,27.0,,
619,2007,Diabetes Mellitus (E10-E14),F,Other Race/ Ethnicity,,,
620,2012,All Other Causes,F,Black Non-Hispanic,1483.0,141.9,127.3
621,2013,Influenza (Flu) and Pneumonia (J09-J18),F,Black Non-Hispanic,285.0,27.3,22.5
622,2010,"Accidents Except Drug Posioning (V01-X39, X43, X45-X59, Y85-Y86)",M,Not Stated/Unknown,10.0,,
623,2008,Diabetes Mellitus (E10-E14),M,White Non-Hispanic,246.0,18.3,15.6
624,2013,Influenza (Flu) and Pneumonia (J09-J18),M,Not Stated/Unknown,24.0,,
625,2010,Alzheimer's Disease (G30),F,Black Non-Hispanic,88.0,8.4,7.3
626,2012,"Essential Hypertension and Renal Diseases (I10, I12)",M,Black Non-Hispanic,143.0,16.7,21.3
627,2007,"Essential Hypertension and Renal Diseases (I10, I12)",F,White Non-Hispanic,155.0,10.8,5.9
628,2012,"Essential Hypertension and Renal Diseases (I10, I12)",F,Hispanic,101.0,8.2,9.5
629,2010,"Accidents Except Drug Posioning (V01-X39, X43, X45-X59, Y85-Y86)",F,Asian and Pacific Islander,25.0,4.4,5.1
630,2007,Diabetes Mellitus (E10-E14),M,Asian and Pacific Islander,47.0,9.7,13.6
631,2010,"Intentional Self-Harm (Suicide: X60-X84, Y87.0)",M,Other Race/ Ethnicity,,,
632,2013,Malignant Neoplasms (Cancer: C00-C97),F,Asian and Pacific Islander,467.0,77.8,79.6
633,2007,"Chronic Liver Disease and Cirrhosis (K70, K73)",M,Asian and Pacific Islander,18.0,3.7,3.6
634,2007,"Essential Hypertension and Renal Diseases (I10, I12)",F,Black Non-Hispanic,166.0,15.8,15
635,2007,"Diseases of Heart (I00-I09, I11, I13, I20-I51)",M,Not Stated/Unknown,86.0,,
636,2009,All Other Causes,F,Hispanic,775.0,64.7,75.3
637,2013,Human Immunodeficiency Virus Disease (HIV: B20-B24),M,Hispanic,122.0,10.3,11.3
638,2012,"Assault (Homicide: Y87.1, X85-Y09)",M,Black Non-Hispanic,235.0,27.5,27.6
639,2009,"Essential Hypertension and Renal Diseases (I10, I12)",F,Black Non-Hispanic,227.0,21.7,19.6
640,2008,All Other Causes,M,Other Race/ Ethnicity,8.0,,
641,2010,"Diseases of Heart (I00-I09, I11, I13, I20-I51)",F,Asian and Pacific Islander,394.0,70.1,89.7
642,2013,Malignant Neoplasms (Cancer: C00-C97),M,Hispanic,1146.0,97.1,148.5
643,2010,Cerebrovascular Disease (Stroke: I60-I69),F,White Non-Hispanic,382.0,26.7,14.1
644,2013,Diabetes Mellitus (E10-E14),F,White Non-Hispanic,238.0,16.7,10.4
645,2011,"Diseases of Heart (I00-I09, I11, I13, I20-I51)",M,Other Race/ Ethnicity,42.0,,
646,2009,Human Immunodeficiency Virus Disease (HIV: B20-B24),M,Black Non-Hispanic,329.0,38.7,38.5
647,2010,"Mental and Behavioral Disorders due to Accidental Poisoning and Other Psychoactive Substance Use (F11-F16, F18-F19, X40-X42, X44)",M,White Non-Hispanic,211.0,15.7,14.5
648,2013,"Mental and Behavioral Disorders due to Accidental Poisoning and Other Psychoactive Substance Use (F11-F16, F18-F19, X40-X42, X44)",F,Hispanic,63.0,5,4.9
649,2011,All Other Causes,F,White Non-Hispanic,2445.0,172.6,105.4
650,2009,Diabetes Mellitus (E10-E14),F,Other Race/ Ethnicity,,,
651,2010,Insitu or Benign / Uncertain Neoplasms (D00-D48),F,Other Race/ Ethnicity,,,
652,2013,"Assault (Homicide: Y87.1, X85-Y09)",M,Black Non-Hispanic,174.0,20.3,20.6
653,2012,"Essential Hypertension and Renal Diseases (I10, I12)",F,Other Race/ Ethnicity,,,
654,2011,Alzheimer's Disease (G30),F,Other Race/ Ethnicity,,,
655,2012,Human Immunodeficiency Virus Disease (HIV: B20-B24),M,Black Non-Hispanic,223.0,26.1,25.8
656,2013,"Essential Hypertension and Renal Diseases (I10, I12)",M,Other Race/ Ethnicity,5.0,,
657,2010,Human Immunodeficiency Virus Disease (HIV: B20-B24),M,Not Stated/Unknown,8.0,,
658,2009,Certain Conditions originating in the Perinatal Period (P00-P96),M,Not Stated/Unknown,8.0,,
659,2013,Chronic Lower Respiratory Diseases (J40-J47),M,Not Stated/Unknown,15.0,,
660,2011,Malignant Neoplasms (Cancer: C00-C97),M,Hispanic,1144.0,99.2,157.7
661,2010,Malignant Neoplasms (Cancer: C00-C97),M,White Non-Hispanic,3408.0,254.1,216.6
662,2010,All Other Causes,M,White Non-Hispanic,2034.0,151.6,130.9
663,2010,"Diseases of Heart (I00-I09, I11, I13, I20-I51)",F,Other Race/ Ethnicity,50.0,,
664,2013,Cerebrovascular Disease (Stroke: I60-I69),M,White Non-Hispanic,249.0,18.5,15.1
665,2013,"Accidents Except Drug Posioning (V01-X39, X43, X45-X59, Y85-Y86)",F,Other Race/ Ethnicity,,,
666,2013,"Essential Hypertension and Renal Diseases (I10, I12)",F,White Non-Hispanic,206.0,14.5,7.5
667,2013,Certain Conditions originating in the Perinatal Period (P00-P96),F,Other Race/ Ethnicity,,,
668,2007,Human Immunodeficiency Virus Disease (HIV: B20-B24),F,Hispanic,109.0,9.3,9.5
669,2009,Malignant Neoplasms (Cancer: C00-C97),F,Black Non-Hispanic,1735.0,165.7,151.1
670,2007,Influenza (Flu) and Pneumonia (J09-J18),M,Other Race/ Ethnicity,7.0,,
671,2011,"Chronic Liver Disease and Cirrhosis (K70, K73)",M,Hispanic,167.0,14.5,18.8
672,2011,"Chronic Liver Disease and Cirrhosis (K70, K73)",M,Other Race/ Ethnicity,5.0,,
673,2013,Diabetes Mellitus (E10-E14),F,Other Race/ Ethnicity,10.0,,
674,2010,Influenza (Flu) and Pneumonia (J09-J18),M,White Non-Hispanic,614.0,45.8,37.6
675,2010,"Accidents Except Drug Posioning (V01-X39, X43, X45-X59, Y85-Y86)",M,Black Non-Hispanic,147.0,17.3,18.3
676,2011,Human Immunodeficiency Virus Disease (HIV: B20-B24),M,Black Non-Hispanic,277.0,32.5,31.8
677,2012,All Other Causes,M,Other Race/ Ethnicity,24.0,,
678,2007,All Other Causes,M,Not Stated/Unknown,43.0,,
679,2007,Diabetes Mellitus (E10-E14),F,Hispanic,205.0,17.6,22.6
680,2007,"Essential Hypertension and Renal Diseases (I10, I12)",M,Black Non-Hispanic,137.0,16.1,22
681,2014,Human Immunodeficiency Virus Disease (HIV: B20-B24),M,Not Stated/Unknown,10.0,,
682,2008,Diabetes Mellitus (E10-E14),F,Asian and Pacific Islander,47.0,8.8,11.3
683,2012,Chronic Lower Respiratory Diseases (J40-J47),F,Hispanic,158.0,12.8,14.6
684,2012,"Accidents Except Drug Posioning (V01-X39, X43, X45-X59, Y85-Y86)",M,White Non-Hispanic,286.0,21.4,18.8
685,2007,"Assault (Homicide: Y87.1, X85-Y09)",M,Other Race/ Ethnicity,,,
686,2013,Cerebrovascular Disease (Stroke: I60-I69),F,Other Race/ Ethnicity,7.0,,
687,2010,Influenza (Flu) and Pneumonia (J09-J18),F,White Non-Hispanic,707.0,49.4,24.8
688,2012,"Diseases of Heart (I00-I09, I11, I13, I20-I51)",F,White Non-Hispanic,4719.0,332.7,167.7
689,2008,"Essential Hypertension and Renal Diseases (I10, I12)",F,Hispanic,104.0,8.8,11.4
690,2014,"Chronic Liver Disease and Cirrhosis (K70, K73)",M,Hispanic,164.0,13.7,16.7
691,2008,Chronic Lower Respiratory Diseases (J40-J47),M,Asian and Pacific Islander,46.0,9.2,16.1
692,2007,Chronic Lower Respiratory Diseases (J40-J47),M,Black Non-Hispanic,137.0,16.1,22.7
693,2014,Alzheimer's Disease (G30),F,Black Non-Hispanic,123.0,11.7,9.2
694,2008,"Accidents Except Drug Posioning (V01-X39, X43, X45-X59, Y85-Y86)",M,Asian and Pacific Islander,53.0,10.6,12.2
695,2011,Malignant Neoplasms (Cancer: C00-C97),F,Asian and Pacific Islander,451.0,79.1,86.1
696,2010,Human Immunodeficiency Virus Disease (HIV: B20-B24),M,Hispanic,189.0,16.5,18.4
697,2014,"Essential Hypertension and Renal Diseases (I10, I12)",M,White Non-Hispanic,175.0,13,10.5
698,2010,All Other Causes,M,Black Non-Hispanic,1230.0,144.5,166.2
699,2014,Diabetes Mellitus (E10-E14),F,Not Stated/Unknown,9.0,,
700,2011,Influenza (Flu) and Pneumonia (J09-J18),M,Not Stated/Unknown,8.0,,
701,2013,Chronic Lower Respiratory Diseases (J40-J47),M,Black Non-Hispanic,184.0,21.4,26.1
702,2008,"Diseases of Heart (I00-I09, I11, I13, I20-I51)",F,Black Non-Hispanic,2725.0,260.1,243.6
703,2010,Cerebrovascular Disease (Stroke: I60-I69),F,Black Non-Hispanic,259.0,24.7,22.2
704,2012,"Accidents Except Drug Posioning (V01-X39, X43, X45-X59, Y85-Y86)",M,Black Non-Hispanic,152.0,17.8,18.6
705,2014,Influenza (Flu) and Pneumonia (J09-J18),F,Black Non-Hispanic,266.0,25.3,20.6
706,2009,Malignant Neoplasms (Cancer: C00-C97),F,White Non-Hispanic,3346.0,232.9,159
707,2011,"Essential Hypertension and Renal Diseases (I10, I12)",F,White Non-Hispanic,199.0,14,6.8
708,2010,"Accidents Except Drug Posioning (V01-X39, X43, X45-X59, Y85-Y86)",M,Other Race/ Ethnicity,5.0,,
709,2013,"Diseases of Heart (I00-I09, I11, I13, I20-I51)",F,Black Non-Hispanic,2365.0,226.4,187.3
710,2013,All Other Causes,M,Asian and Pacific Islander,395.0,71.3,89.8
711,2011,"Accidents Except Drug Posioning (V01-X39, X43, X45-X59, Y85-Y86)",M,Not Stated/Unknown,,,
712,2011,"Essential Hypertension and Renal Diseases (I10, I12)",F,Asian and Pacific Islander,46.0,8.1,10.2
713,2014,All Other Causes,M,Asian and Pacific Islander,424.0,73.9,90.4
714,2007,"Intentional Self-Harm (Suicide: X60-X84, Y87.0)",M,Not Stated/Unknown,5.0,,
715,2007,"Accidents Except Drug Posioning (V01-X39, X43, X45-X59, Y85-Y86)",F,Asian and Pacific Islander,32.0,6.2,7.6
716,2012,Alzheimer's Disease (G30),F,White Non-Hispanic,222.0,15.7,7.2
717,2012,Influenza (Flu) and Pneumonia (J09-J18),M,Not Stated/Unknown,11.0,,
718,2014,"Diseases of Heart (I00-I09, I11, I13, I20-I51)",F,Other Race/ Ethnicity,68.0,,
719,2008,Certain Conditions originating in the Perinatal Period (P00-P96),M,Other Race/ Ethnicity,,,
720,2009,Diabetes Mellitus (E10-E14),F,Asian and Pacific Islander,55.0,10,12.7
721,2009,Malignant Neoplasms (Cancer: C00-C97),M,Hispanic,1180.0,105.1,172.2
722,2011,"Intentional Self-Harm (Suicide: X60-X84, Y87.0)",M,Not Stated/Unknown,,,
723,2007,"Assault (Homicide: Y87.1, X85-Y09)",M,Hispanic,114.0,10.5,9.9
724,2011,Chronic Lower Respiratory Diseases (J40-J47),M,Asian and Pacific Islander,73.0,13.8,22
725,2007,"Mental and Behavioral Disorders due to Accidental Poisoning and Other Psychoactive Substance Use (F11-F16, F18-F19, X40-X42, X44)",F,Black Non-Hispanic,87.0,8.3,7.4
726,2009,Chronic Lower Respiratory Diseases (J40-J47),F,Black Non-Hispanic,188.0,18,16.4
727,2012,All Other Causes,M,Not Stated/Unknown,78.0,,
728,2008,"Intentional Self-Harm (Suicide: X60-X84, Y87.0)",M,White Non-Hispanic,195.0,14.5,13.1
729,2013,"Diseases of Heart (I00-I09, I11, I13, I20-I51)",M,Other Race/ Ethnicity,72.0,,
730,2007,Influenza (Flu) and Pneumonia (J09-J18),F,White Non-Hispanic,659.0,45.9,23.2
731,2011,All Other Causes,F,Other Race/ Ethnicity,38.0,,
732,2010,Influenza (Flu) and Pneumonia (J09-J18),M,Black Non-Hispanic,201.0,23.6,31.8
733,2012,"Accidents Except Drug Posioning (V01-X39, X43, X45-X59, Y85-Y86)",F,White Non-Hispanic,177.0,12.5,8.5
734,2010,Chronic Lower Respiratory Diseases (J40-J47),F,Asian and Pacific Islander,28.0,5,6.7
735,2013,Diabetes Mellitus (E10-E14),F,Black Non-Hispanic,410.0,39.3,33.1
736,2009,"Essential Hypertension and Renal Diseases (I10, I12)",M,Black Non-Hispanic,131.0,15.4,19
737,2014,Chronic Lower Respiratory Diseases (J40-J47),M,White Non-Hispanic,399.0,29.7,24
738,2009,All Other Causes,M,Hispanic,1067.0,95,138.1
739,2012,Influenza (Flu) and Pneumonia (J09-J18),M,White Non-Hispanic,540.0,40.3,32.3
740,2010,Alzheimer's Disease (G30),F,Hispanic,71.0,5.8,7.5
741,2013,Alzheimer's Disease (G30),F,Black Non-Hispanic,106.0,10.1,8
742,2013,"Accidents Except Drug Posioning (V01-X39, X43, X45-X59, Y85-Y86)",F,Hispanic,60.0,4.8,5.1
743,2013,"Chronic Liver Disease and Cirrhosis (K70, K73)",M,Other Race/ Ethnicity,,,
744,2011,Chronic Lower Respiratory Diseases (J40-J47),F,Asian and Pacific Islander,30.0,5.3,6.6
745,2008,"Essential Hypertension and Renal Diseases (I10, I12)",M,White Non-Hispanic,165.0,12.3,10.3
746,2009,Influenza (Flu) and Pneumonia (J09-J18),M,Black Non-Hispanic,207.0,24.4,33.3
747,2011,"Mental and Behavioral Disorders due to Accidental Poisoning and Other Psychoactive Substance Use (F11-F16, F18-F19, X40-X42, X44)",F,Hispanic,56.0,4.6,4.5
748,2007,Cerebrovascular Disease (Stroke: I60-I69),M,Asian and Pacific Islander,56.0,11.6,16.2
749,2007,"Diseases of Heart (I00-I09, I11, I13, I20-I51)",M,Hispanic,1327.0,121.7,238.4
750,2009,"Congenital Malformations, Deformations, and Chromosomal Abnormalities (Q00-Q99)",F,Other Race/ Ethnicity,,,
751,2008,Influenza (Flu) and Pneumonia (J09-J18),M,Not Stated/Unknown,11.0,,
752,2009,Cerebrovascular Disease (Stroke: I60-I69),M,Black Non-Hispanic,154.0,18.1,22.8
753,2014,Influenza (Flu) and Pneumonia (J09-J18),M,Black Non-Hispanic,242.0,28,33.9
754,2012,Influenza (Flu) and Pneumonia (J09-J18),M,Other Race/ Ethnicity,,,
755,2008,All Other Causes,M,Hispanic,1069.0,96.7,139.5
756,2014,"Accidents Except Drug Posioning (V01-X39, X43, X45-X59, Y85-Y86)",F,Hispanic,64.0,5.1,5.4
757,2011,Cerebrovascular Disease (Stroke: I60-I69),F,Other Race/ Ethnicity,5.0,,
758,2009,"Intentional Self-Harm (Suicide: X60-X84, Y87.0)",M,Asian and Pacific Islander,35.0,6.9,6.7
759,2011,Diabetes Mellitus (E10-E14),F,Other Race/ Ethnicity,8.0,,
760,2014,Diabetes Mellitus (E10-E14),M,Hispanic,186.0,15.6,23.2
761,2010,"Accidents Except Drug Posioning (V01-X39, X43, X45-X59, Y85-Y86)",F,Not Stated/Unknown,,,
762,2008,"Mental and Behavioral Disorders due to Accidental Poisoning and Other Psychoactive Substance Use (F11-F16, F18-F19, X40-X42, X44)",M,Not Stated/Unknown,13.0,,
763,2013,Cerebrovascular Disease (Stroke: I60-I69),F,Not Stated/Unknown,14.0,,
764,2014,Cerebrovascular Disease (Stroke: I60-I69),M,Not Stated/Unknown,8.0,,
765,2011,"Accidents Except Drug Posioning (V01-X39, X43, X45-X59, Y85-Y86)",M,Other Race/ Ethnicity,10.0,,
766,2013,"Mental and Behavioral Disorders due to Accidental Poisoning and Other Psychoactive Substance Use (F11-F16, F18-F19, X40-X42, X44)",M,White Non-Hispanic,286.0,21.2,19.5
767,2013,Chronic Lower Respiratory Diseases (J40-J47),M,Hispanic,142.0,12,20
768,2011,Influenza (Flu) and Pneumonia (J09-J18),F,Not Stated/Unknown,8.0,,
769,2014,Human Immunodeficiency Virus Disease (HIV: B20-B24),M,Black Non-Hispanic,196.0,22.7,21.7
770,2008,Influenza (Flu) and Pneumonia (J09-J18),F,White Non-Hispanic,621.0,43.3,22.2
771,2010,"Diseases of Heart (I00-I09, I11, I13, I20-I51)",M,Black Non-Hispanic,2015.0,236.7,307.7
772,2007,Diabetes Mellitus (E10-E14),M,White Non-Hispanic,237.0,17.7,15
773,2009,"Accidents Except Drug Posioning (V01-X39, X43, X45-X59, Y85-Y86)",F,Hispanic,56.0,4.7,5.3
774,2012,"Intentional Self-Harm (Suicide: X60-X84, Y87.0)",M,White Non-Hispanic,199.0,14.9,13.6
775,2012,"Diseases of Heart (I00-I09, I11, I13, I20-I51)",F,Asian and Pacific Islander,402.0,68.8,81.2
776,2010,Malignant Neoplasms (Cancer: C00-C97),F,Hispanic,1045.0,85.9,98.5
777,2014,"Intentional Self-Harm (Suicide: X60-X84, Y87.0)",M,White Non-Hispanic,204.0,15.2,13.4
778,2011,Chronic Lower Respiratory Diseases (J40-J47),F,White Non-Hispanic,510.0,36,21
779,2010,Cerebrovascular Disease (Stroke: I60-I69),F,Asian and Pacific Islander,89.0,15.8,19.2
780,2008,"Accidents Except Drug Posioning (V01-X39, X43, X45-X59, Y85-Y86)",M,Hispanic,186.0,16.8,20.6
781,2014,Malignant Neoplasms (Cancer: C00-C97),M,Hispanic,1146.0,96,143.5
782,2014,Chronic Lower Respiratory Diseases (J40-J47),F,Hispanic,193.0,15.2,16.8
783,2010,All Other Causes,M,Not Stated/Unknown,32.0,,
784,2014,"Mental and Behavioral Disorders due to Accidental Poisoning and Other Psychoactive Substance Use (F11-F16, F18-F19, X40-X42, X44)",M,Hispanic,191.0,16,16.6
785,2012,"Essential Hypertension and Renal Diseases (I10, I12)",M,Asian and Pacific Islander,39.0,7.2,10.8
786,2007,Cerebrovascular Disease (Stroke: I60-I69),M,Hispanic,126.0,11.6,20
787,2011,Diabetes Mellitus (E10-E14),F,White Non-Hispanic,253.0,17.9,11.1
788,2009,Diabetes Mellitus (E10-E14),F,Hispanic,215.0,18,22.2
789,2014,"Accidents Except Drug Posioning (V01-X39, X43, X45-X59, Y85-Y86)",M,Other Race/ Ethnicity,12.0,,
790,2008,"Diseases of Heart (I00-I09, I11, I13, I20-I51)",F,Other Race/ Ethnicity,35.0,,
791,2013,"Nephritis, Nephrotic Syndrome and Nephrisis (N00-N07, N17-N19, N25-N27)",F,Other Race/ Ethnicity,,,
792,2012,"Intentional Self-Harm (Suicide: X60-X84, Y87.0)",M,Asian and Pacific Islander,40.0,7.4,7.3
793,2013,"Intentional Self-Harm (Suicide: X60-X84, Y87.0)",M,Asian and Pacific Islander,41.0,7.4,7.2
794,2012,Diabetes Mellitus (E10-E14),F,Black Non-Hispanic,409.0,39.1,33.8
795,2013,Chronic Lower Respiratory Diseases (J40-J47),M,White Non-Hispanic,437.0,32.5,26.4
796,2013,All Other Causes,M,Not Stated/Unknown,139.0,,
797,2011,Chronic Lower Respiratory Diseases (J40-J47),M,Hispanic,123.0,10.7,19.2
798,2012,"Essential Hypertension and Renal Diseases (I10, I12)",M,White Non-Hispanic,153.0,11.4,9.3
799,2014,Malignant Neoplasms (Cancer: C00-C97),M,Asian and Pacific Islander,657.0,114.5,129.5
800,2007,"Accidents Except Drug Posioning (V01-X39, X43, X45-X59, Y85-Y86)",M,Hispanic,154.0,14.1,17.4
801,2011,Malignant Neoplasms (Cancer: C00-C97),F,Black Non-Hispanic,1918.0,183.2,163.3
802,2007,Influenza (Flu) and Pneumonia (J09-J18),M,Not Stated/Unknown,13.0,,
803,2009,"Accidents Except Drug Posioning (V01-X39, X43, X45-X59, Y85-Y86)",F,White Non-Hispanic,178.0,12.4,8.3
804,2011,"Accidents Except Drug Posioning (V01-X39, X43, X45-X59, Y85-Y86)",M,White Non-Hispanic,272.0,20.4,18.1
805,2009,"Diseases of Heart (I00-I09, I11, I13, I20-I51)",M,Hispanic,1382.0,123.1,227.9
806,2010,"Accidents Except Drug Posioning (V01-X39, X43, X45-X59, Y85-Y86)",F,Other Race/ Ethnicity,,,
807,2011,Diabetes Mellitus (E10-E14),M,Other Race/ Ethnicity,14.0,,
808,2013,Malignant Neoplasms (Cancer: C00-C97),F,Hispanic,1149.0,92.1,99.9
809,2013,Influenza (Flu) and Pneumonia (J09-J18),M,Hispanic,233.0,19.7,33.1
810,2007,"Accidents Except Drug Posioning (V01-X39, X43, X45-X59, Y85-Y86)",M,Not Stated/Unknown,8.0,,
811,2012,"Accidents Except Drug Posioning (V01-X39, X43, X45-X59, Y85-Y86)",F,Asian and Pacific Islander,34.0,5.8,6.4
812,2009,"Mental and Behavioral Disorders due to Accidental Poisoning and Other Psychoactive Substance Use (F11-F16, F18-F19, X40-X42, X44)",M,Hispanic,145.0,12.9,13.5
813,2012,All Other Causes,M,Asian and Pacific Islander,333.0,61.6,79.7
814,2007,"Diseases of Heart (I00-I09, I11, I13, I20-I51)",F,White Non-Hispanic,7050.0,491.4,250.7
815,2008,Influenza (Flu) and Pneumonia (J09-J18),F,Asian and Pacific Islander,73.0,13.7,19.1
816,2011,Cerebrovascular Disease (Stroke: I60-I69),F,Asian and Pacific Islander,98.0,17.2,20.6
817,2009,Human Immunodeficiency Virus Disease (HIV: B20-B24),F,Black Non-Hispanic,208.0,19.9,17.9
818,2014,Diabetes Mellitus (E10-E14),F,Black Non-Hispanic,398.0,37.9,31.6
819,2012,Cerebrovascular Disease (Stroke: I60-I69),M,Other Race/ Ethnicity,7.0,,
820,2012,"Intentional Self-Harm (Suicide: X60-X84, Y87.0)",M,Not Stated/Unknown,8.0,,
821,2011,"Diseases of Heart (I00-I09, I11, I13, I20-I51)",M,Black Non-Hispanic,1840.0,215.7,268.3
822,2014,"Congenital Malformations, Deformations, and Chromosomal Abnormalities (Q00-Q99)",F,Other Race/ Ethnicity,,,
823,2008,All Other Causes,F,Other Race/ Ethnicity,19.0,,
824,2011,Human Immunodeficiency Virus Disease (HIV: B20-B24),F,Not Stated/Unknown,,,
825,2007,Human Immunodeficiency Virus Disease (HIV: B20-B24),M,Other Race/ Ethnicity,,,
826,2010,Chronic Lower Respiratory Diseases (J40-J47),F,White Non-Hispanic,501.0,35,20.7
827,2010,Diabetes Mellitus (E10-E14),F,Asian and Pacific Islander,51.0,9.1,11.3
828,2011,"Diseases of Heart (I00-I09, I11, I13, I20-I51)",M,Asian and Pacific Islander,452.0,85.5,117.8
829,2012,Malignant Neoplasms (Cancer: C00-C97),F,Black Non-Hispanic,1912.0,182.9,159.1
830,2008,Malignant Neoplasms (Cancer: C00-C97),F,Asian and Pacific Islander,344.0,64.6,73.8
831,2014,"Accidents Except Drug Posioning (V01-X39, X43, X45-X59, Y85-Y86)",F,Asian and Pacific Islander,42.0,6.7,6.9
832,2011,Malignant Neoplasms (Cancer: C00-C97),F,Hispanic,1085.0,88.6,99.6
833,2013,"Nephritis, Nephrotic Syndrome and Nephrisis (N00-N07, N17-N19, N25-N27)",F,Black Non-Hispanic,93.0,8.9,7.6
834,2014,Certain Conditions originating in the Perinatal Period (P00-P96),M,Not Stated/Unknown,25.0,,
835,2012,"Accidents Except Drug Posioning (V01-X39, X43, X45-X59, Y85-Y86)",M,Other Race/ Ethnicity,5.0,,
836,2013,Influenza (Flu) and Pneumonia (J09-J18),F,Asian and Pacific Islander,78.0,13,14.6
837,2007,"Assault (Homicide: Y87.1, X85-Y09)",M,Not Stated/Unknown,,,
838,2008,"Diseases of Heart (I00-I09, I11, I13, I20-I51)",M,Other Race/ Ethnicity,39.0,,
839,2010,"Essential Hypertension and Renal Diseases (I10, I12)",M,Asian and Pacific Islander,30.0,5.8,8.7
840,2012,Diabetes Mellitus (E10-E14),F,White Non-Hispanic,240.0,16.9,10.3
841,2007,Human Immunodeficiency Virus Disease (HIV: B20-B24),M,Hispanic,218.0,20,23.1
842,2008,Cerebrovascular Disease (Stroke: I60-I69),M,Other Race/ Ethnicity,5.0,,
843,2012,Malignant Neoplasms (Cancer: C00-C97),M,Other Race/ Ethnicity,34.0,,
844,2008,All Other Causes,F,Hispanic,885.0,74.9,90.2
845,2013,"Mental and Behavioral Disorders due to Accidental Poisoning and Other Psychoactive Substance Use (F11-F16, F18-F19, X40-X42, X44)",M,Not Stated/Unknown,21.0,,
846,2009,"Nephritis, Nephrotic Syndrome and Nephrisis (N00-N07, N17-N19, N25-N27)",F,Other Race/ Ethnicity,,,
847,2014,"Chronic Liver Disease and Cirrhosis (K70, K73)",M,Asian and Pacific Islander,31.0,5.4,5.3
848,2008,"Essential Hypertension and Renal Diseases (I10, I12)",F,White Non-Hispanic,151.0,10.5,5.9
849,2012,Influenza (Flu) and Pneumonia (J09-J18),M,Black Non-Hispanic,242.0,28.3,37.4
850,2007,Malignant Neoplasms (Cancer: C00-C97),M,Hispanic,1013.0,92.9,163.5
851,2009,"Essential Hypertension and Renal Diseases (I10, I12)",M,Other Race/ Ethnicity,,,
852,2012,Human Immunodeficiency Virus Disease (HIV: B20-B24),M,Not Stated/Unknown,9.0,,
853,2008,Influenza (Flu) and Pneumonia (J09-J18),M,Asian and Pacific Islander,90.0,18.1,30.2
854,2009,Malignant Neoplasms (Cancer: C00-C97),M,Other Race/ Ethnicity,12.0,,
855,2010,Chronic Lower Respiratory Diseases (J40-J47),M,Not Stated/Unknown,12.0,,
856,2010,Malignant Neoplasms (Cancer: C00-C97),F,Black Non-Hispanic,1768.0,168.6,151.8
857,2012,Cerebrovascular Disease (Stroke: I60-I69),F,Hispanic,169.0,13.6,15.7
858,2012,"Chronic Liver Disease and Cirrhosis (K70, K73)",M,Asian and Pacific Islander,20.0,3.7,4.1
859,2010,Human Immunodeficiency Virus Disease (HIV: B20-B24),M,Black Non-Hispanic,297.0,34.9,34
860,2011,"Diseases of Heart (I00-I09, I11, I13, I20-I51)",F,Hispanic,1348.0,110,131.8
861,2011,"Assault (Homicide: Y87.1, X85-Y09)",F,Not Stated/Unknown,,,
862,2013,"Accidents Except Drug Posioning (V01-X39, X43, X45-X59, Y85-Y86)",M,Other Race/ Ethnicity,5.0,,
863,2007,"Accidents Except Drug Posioning (V01-X39, X43, X45-X59, Y85-Y86)",F,Black Non-Hispanic,87.0,8.3,8.1
864,2014,"Mental and Behavioral Disorders due to Accidental Poisoning and Other Psychoactive Substance Use (F11-F16, F18-F19, X40-X42, X44)",M,White Non-Hispanic,314.0,23.4,21.4
865,2014,"Essential Hypertension and Renal Diseases (I10, I12)",M,Not Stated/Unknown,9.0,,
866,2009,Influenza (Flu) and Pneumonia (J09-J18),F,Asian and Pacific Islander,83.0,15.1,20.3
867,2007,All Other Causes,M,Black Non-Hispanic,1163.0,136.5,162.4
868,2014,"Mental and Behavioral Disorders due to Accidental Poisoning and Other Psychoactive Substance Use (F11-F16, F18-F19, X40-X42, X44)",M,Other Race/ Ethnicity,12.0,,
869,2009,"Mental and Behavioral Disorders due to Accidental Poisoning and Other Psychoactive Substance Use (F11-F16, F18-F19, X40-X42, X44)",M,White Non-Hispanic,221.0,16.4,14.8
870,2011,Influenza (Flu) and Pneumonia (J09-J18),M,Asian and Pacific Islander,94.0,17.8,28.7
871,2013,"Diseases of Heart (I00-I09, I11, I13, I20-I51)",M,Hispanic,1307.0,110.7,183.3
872,2011,Chronic Lower Respiratory Diseases (J40-J47),M,Black Non-Hispanic,200.0,23.4,29.1
873,2009,Certain Conditions originating in the Perinatal Period (P00-P96),M,Other Race/ Ethnicity,,,
874,2007,Cerebrovascular Disease (Stroke: I60-I69),M,White Non-Hispanic,267.0,20,16.7
875,2013,Cerebrovascular Disease (Stroke: I60-I69),F,Asian and Pacific Islander,80.0,13.3,14.4
876,2014,Diabetes Mellitus (E10-E14),F,Asian and Pacific Islander,50.0,8,8.5
877,2014,"Mental and Behavioral Disorders due to Accidental Poisoning and Other Psychoactive Substance Use (F11-F16, F18-F19, X40-X42, X44)",F,Not Stated/Unknown,6.0,,
878,2007,Septicemia (A40-A41),F,Black Non-Hispanic,89.0,8.5,8.1
879,2011,All Other Causes,M,Other Race/ Ethnicity,27.0,,
880,2007,All Other Causes,M,Other Race/ Ethnicity,24.0,,
881,2007,All Other Causes,M,Asian and Pacific Islander,221.0,45.7,61.2
882,2009,Diabetes Mellitus (E10-E14),M,Black Non-Hispanic,285.0,33.6,41.4
883,2008,All Other Causes,M,Not Stated/Unknown,67.0,,
884,2011,Certain Conditions originating in the Perinatal Period (P00-P96),M,Not Stated/Unknown,10.0,,
885,2008,Cerebrovascular Disease (Stroke: I60-I69),F,Hispanic,152.0,12.9,16.4
886,2014,All Other Causes,M,Hispanic,1195.0,100.1,143.3
887,2008,"Accidents Except Drug Posioning (V01-X39, X43, X45-X59, Y85-Y86)",M,Other Race/ Ethnicity,,,
888,2014,Cerebrovascular Disease (Stroke: I60-I69),M,Other Race/ Ethnicity,7.0,,
889,2014,Diabetes Mellitus (E10-E14),M,White Non-Hispanic,292.0,21.7,18.1
890,2011,Alzheimer's Disease (G30),F,White Non-Hispanic,231.0,16.3,7.2
891,2009,All Other Causes,F,Asian and Pacific Islander,220.0,40.1,48.9
892,2011,Diabetes Mellitus (E10-E14),M,Black Non-Hispanic,307.0,36,43.9
893,2014,Certain Conditions originating in the Perinatal Period (P00-P96),F,Not Stated/Unknown,10.0,,
894,2009,"Essential Hypertension and Renal Diseases (I10, I12)",F,Other Race/ Ethnicity,,,
895,2012,"Intentional Self-Harm (Suicide: X60-X84, Y87.0)",M,Other Race/ Ethnicity,,,
896,2008,Cerebrovascular Disease (Stroke: I60-I69),F,Not Stated/Unknown,13.0,,
897,2013,Diabetes Mellitus (E10-E14),M,Hispanic,192.0,16.3,24.9
898,2007,"Assault (Homicide: Y87.1, X85-Y09)",M,Black Non-Hispanic,267.0,31.3,31.1
899,2008,Chronic Lower Respiratory Diseases (J40-J47),F,Asian and Pacific Islander,30.0,5.6,7.9
900,2012,Cerebrovascular Disease (Stroke: I60-I69),F,Black Non-Hispanic,271.0,25.9,22.1
901,2012,All Other Causes,F,Asian and Pacific Islander,327.0,56,65
902,2012,"Nephritis, Nephrotic Syndrome and Nephrisis (N00-N07, N17-N19, N25-N27)",F,Black Non-Hispanic,76.0,7.3,6.3
903,2008,"Essential Hypertension and Renal Diseases (I10, I12)",F,Asian and Pacific Islander,32.0,6,8
904,2008,Influenza (Flu) and Pneumonia (J09-J18),F,Other Race/ Ethnicity,,,
905,2012,Malignant Neoplasms (Cancer: C00-C97),M,Hispanic,1126.0,96.4,151
906,2013,"Diseases of Heart (I00-I09, I11, I13, I20-I51)",M,Asian and Pacific Islander,531.0,95.8,123.7
907,2009,Chronic Lower Respiratory Diseases (J40-J47),F,White Non-Hispanic,458.0,31.9,19.1
908,2007,All Other Causes,F,Asian and Pacific Islander,182.0,35.3,44.6
909,2010,All Other Causes,F,Asian and Pacific Islander,238.0,42.3,51.6
910,2009,Cerebrovascular Disease (Stroke: I60-I69),F,White Non-Hispanic,390.0,27.1,15.2
911,2010,"Diseases of Heart (I00-I09, I11, I13, I20-I51)",M,Not Stated/Unknown,70.0,,
912,2009,Influenza (Flu) and Pneumonia (J09-J18),M,Not Stated/Unknown,14.0,,
913,2013,"Accidents Except Drug Posioning (V01-X39, X43, X45-X59, Y85-Y86)",M,Asian and Pacific Islander,63.0,11.4,12.8
914,2010,Diabetes Mellitus (E10-E14),F,Black Non-Hispanic,384.0,36.6,33
915,2013,"Diseases of Heart (I00-I09, I11, I13, I20-I51)",F,Hispanic,1261.0,101,113.6
916,2009,Cerebrovascular Disease (Stroke: I60-I69),M,Asian and Pacific Islander,58.0,11.4,15.5
917,2014,"Diseases of Heart (I00-I09, I11, I13, I20-I51)",F,Black Non-Hispanic,2194.0,209.1,169.1
918,2008,Cerebrovascular Disease (Stroke: I60-I69),M,White Non-Hispanic,245.0,18.3,15.4
919,2009,Alzheimer's Disease (G30),F,Asian and Pacific Islander,14.0,2.5,3.6
920,2008,Viral Hepatitis (B15-B19),M,Not Stated/Unknown,6.0,,
921,2012,Diabetes Mellitus (E10-E14),M,Hispanic,194.0,16.6,26.1
922,2012,Chronic Lower Respiratory Diseases (J40-J47),M,Hispanic,132.0,11.3,19.2
923,2008,Diabetes Mellitus (E10-E14),M,Hispanic,191.0,17.3,31.3
924,2010,"Intentional Self-Harm (Suicide: X60-X84, Y87.0)",M,Not Stated/Unknown,,,
925,2012,"Accidents Except Drug Posioning (V01-X39, X43, X45-X59, Y85-Y86)",M,Asian and Pacific Islander,56.0,10.4,12
926,2010,Diabetes Mellitus (E10-E14),M,Black Non-Hispanic,279.0,32.8,41
927,2008,"Diseases of Heart (I00-I09, I11, I13, I20-I51)",M,Asian and Pacific Islander,546.0,109.6,166.3
928,2014,"Diseases of Heart (I00-I09, I11, I13, I20-I51)",M,Black Non-Hispanic,1958.0,226.8,264.7
929,2007,Malignant Neoplasms (Cancer: C00-C97),M,White Non-Hispanic,3356.0,250.9,213.7
930,2009,Septicemia (A40-A41),F,Not Stated/Unknown,,,
931,2014,Diabetes Mellitus (E10-E14),F,Other Race/ Ethnicity,11.0,,
932,2008,Malignant Neoplasms (Cancer: C00-C97),M,Other Race/ Ethnicity,33.0,,
933,2010,"Chronic Liver Disease and Cirrhosis (K70, K73)",M,Other Race/ Ethnicity,,,
934,2014,"Diseases of Heart (I00-I09, I11, I13, I20-I51)",F,Hispanic,1230.0,97.1,106.7
935,2011,Diabetes Mellitus (E10-E14),M,Not Stated/Unknown,7.0,,
936,2009,Cerebrovascular Disease (Stroke: I60-I69),M,Hispanic,143.0,12.7,21.1
937,2007,Diabetes Mellitus (E10-E14),F,Not Stated/Unknown,,,
938,2008,"Essential Hypertension and Renal Diseases (I10, I12)",M,Black Non-Hispanic,134.0,15.8,20.9
939,2014,Chronic Lower Respiratory Diseases (J40-J47),F,Other Race/ Ethnicity,6.0,,
940,2011,Chronic Lower Respiratory Diseases (J40-J47),M,White Non-Hispanic,444.0,33.3,27.8
941,2010,Influenza (Flu) and Pneumonia (J09-J18),F,Asian and Pacific Islander,74.0,13.2,16.9
942,2014,"Congenital Malformations, Deformations, and Chromosomal Abnormalities (Q00-Q99)",F,Not Stated/Unknown,,,
943,2011,Cerebrovascular Disease (Stroke: I60-I69),F,Not Stated/Unknown,,,
944,2014,All Other Causes,M,Not Stated/Unknown,96.0,,
945,2013,Certain Conditions originating in the Perinatal Period (P00-P96),F,Not Stated/Unknown,9.0,,
946,2013,"Intentional Self-Harm (Suicide: X60-X84, Y87.0)",M,Other Race/ Ethnicity,6.0,,
947,2011,"Accidents Except Drug Posioning (V01-X39, X43, X45-X59, Y85-Y86)",M,Hispanic,180.0,15.6,18.9
948,2014,All Other Causes,F,White Non-Hispanic,2578.0,181.9,110.7
949,2011,"Diseases of Heart (I00-I09, I11, I13, I20-I51)",M,Not Stated/Unknown,62.0,,
950,2008,Influenza (Flu) and Pneumonia (J09-J18),F,Hispanic,227.0,19.2,25.5
951,2011,Diabetes Mellitus (E10-E14),M,Asian and Pacific Islander,60.0,11.4,14.3
952,2014,Septicemia (A40-A41),F,White Non-Hispanic,118.0,8.3,4.7
953,2014,Diabetes Mellitus (E10-E14),F,White Non-Hispanic,228.0,16.1,10
954,2010,"Accidents Except Drug Posioning (V01-X39, X43, X45-X59, Y85-Y86)",F,Hispanic,58.0,4.8,5.2
955,2011,Viral Hepatitis (B15-B19),M,Not Stated/Unknown,,,
956,2014,"Accidents Except Drug Posioning (V01-X39, X43, X45-X59, Y85-Y86)",M,Hispanic,176.0,14.7,16.9
957,2014,"Accidents Except Drug Posioning (V01-X39, X43, X45-X59, Y85-Y86)",M,Black Non-Hispanic,148.0,17.1,17.7
958,2014,Diabetes Mellitus (E10-E14),M,Black Non-Hispanic,318.0,36.8,42.2
959,2011,Human Immunodeficiency Virus Disease (HIV: B20-B24),M,Not Stated/Unknown,10.0,,
960,2013,All Other Causes,F,White Non-Hispanic,2595.0,182.5,111.1
961,2008,Chronic Lower Respiratory Diseases (J40-J47),M,Hispanic,132.0,11.9,22.8
962,2014,"Essential Hypertension and Renal Diseases (I10, I12)",F,Black Non-Hispanic,207.0,19.7,15.9
963,2014,"Accidents Except Drug Posioning (V01-X39, X43, X45-X59, Y85-Y86)",M,Asian and Pacific Islander,68.0,11.9,13.3
964,2008,"Intentional Self-Harm (Suicide: X60-X84, Y87.0)",F,Not Stated/Unknown,,,
965,2013,Influenza (Flu) and Pneumonia (J09-J18),M,White Non-Hispanic,618.0,45.9,36.7
966,2008,"Diseases of Heart (I00-I09, I11, I13, I20-I51)",F,Hispanic,1445.0,122.3,160.7
967,2009,Human Immunodeficiency Virus Disease (HIV: B20-B24),M,Hispanic,196.0,17.5,20
968,2012,"Accidents Except Drug Posioning (V01-X39, X43, X45-X59, Y85-Y86)",M,Not Stated/Unknown,11.0,,
969,2011,Certain Conditions originating in the Perinatal Period (P00-P96),M,Other Race/ Ethnicity,,,
970,2014,Influenza (Flu) and Pneumonia (J09-J18),F,Hispanic,218.0,17.2,18.8
971,2013,Influenza (Flu) and Pneumonia (J09-J18),M,Black Non-Hispanic,274.0,31.9,40
972,2009,"Essential Hypertension and Renal Diseases (I10, I12)",F,Asian and Pacific Islander,18.0,3.3,4.6
973,2013,"Chronic Liver Disease and Cirrhosis (K70, K73)",M,Hispanic,149.0,12.6,15.7
974,2008,"Diseases of Heart (I00-I09, I11, I13, I20-I51)",M,Not Stated/Unknown,92.0,,
975,2010,Influenza (Flu) and Pneumonia (J09-J18),M,Not Stated/Unknown,,,
976,2011,Influenza (Flu) and Pneumonia (J09-J18),M,White Non-Hispanic,646.0,48.4,39.3
977,2013,Chronic Lower Respiratory Diseases (J40-J47),M,Other Race/ Ethnicity,,,
978,2007,"Accidents Except Drug Posioning (V01-X39, X43, X45-X59, Y85-Y86)",F,Not Stated/Unknown,,,
979,2008,Malignant Neoplasms (Cancer: C00-C97),F,Hispanic,1046.0,88.5,104.7
980,2012,Malignant Neoplasms (Cancer: C00-C97),M,Black Non-Hispanic,1563.0,182.7,215.3
981,2011,Diabetes Mellitus (E10-E14),F,Not Stated/Unknown,6.0,,
982,2008,Chronic Lower Respiratory Diseases (J40-J47),M,Not Stated/Unknown,10.0,,
983,2012,"Intentional Self-Harm (Suicide: X60-X84, Y87.0)",F,Asian and Pacific Islander,33.0,5.6,5.8
984,2012,Influenza (Flu) and Pneumonia (J09-J18),F,Black Non-Hispanic,295.0,28.2,24.1
985,2009,"Mental and Behavioral Disorders due to Accidental Poisoning and Other Psychoactive Substance Use (F11-F16, F18-F19, X40-X42, X44)",F,Hispanic,57.0,4.8,4.7
986,2008,Malignant Neoplasms (Cancer: C00-C97),M,White Non-Hispanic,3361.0,250.4,214.3
987,2007,Influenza (Flu) and Pneumonia (J09-J18),M,Asian and Pacific Islander,66.0,13.6,25.7
988,2007,"Congenital Malformations, Deformations, and Chromosomal Abnormalities (Q00-Q99)",F,Other Race/ Ethnicity,,,
989,2010,Malignant Neoplasms (Cancer: C00-C97),F,Other Race/ Ethnicity,34.0,,
990,2012,Cerebrovascular Disease (Stroke: I60-I69),F,White Non-Hispanic,416.0,29.3,15.4
991,2009,"Intentional Self-Harm (Suicide: X60-X84, Y87.0)",F,Asian and Pacific Islander,17.0,3.1,3.1
992,2009,"Diseases of Heart (I00-I09, I11, I13, I20-I51)",F,Other Race/ Ethnicity,40.0,,
993,2008,"Diseases of Heart (I00-I09, I11, I13, I20-I51)",M,Black Non-Hispanic,2077.0,244.6,330.2
994,2008,Malignant Neoplasms (Cancer: C00-C97),M,Asian and Pacific Islander,473.0,95,123.5
995,2013,All Other Causes,F,Other Race/ Ethnicity,39.0,,
996,2008,Diabetes Mellitus (E10-E14),F,Other Race/ Ethnicity,,,
997,2009,All Other Causes,M,White Non-Hispanic,1818.0,135.1,118.5
998,2012,Diabetes Mellitus (E10-E14),M,White Non-Hispanic,292.0,21.8,18.1
999,2007,Cerebrovascular Disease (Stroke: I60-I69),F,White Non-Hispanic,372.0,25.9,14.4
1000,2012,"Essential Hypertension and Renal Diseases (I10, I12)",F,White Non-Hispanic,199.0,14,7.2
1001,2011,All Other Causes,M,Hispanic,1207.0,104.7,151.1
1002,2008,Chronic Lower Respiratory Diseases (J40-J47),M,White Non-Hispanic,347.0,25.9,21.8
1003,2008,Malignant Neoplasms (Cancer: C00-C97),F,Other Race/ Ethnicity,21.0,,
1004,2009,"Accidents Except Drug Posioning (V01-X39, X43, X45-X59, Y85-Y86)",M,Hispanic,170.0,15.1,17.9
1005,2011,Tuberculosis (A16-A19),F,Not Stated/Unknown,,,
1006,2012,Chronic Lower Respiratory Diseases (J40-J47),F,Black Non-Hispanic,204.0,19.5,16.9
1007,2010,Septicemia (A40-A41),F,White Non-Hispanic,107.0,7.5,4.3
1008,2007,Septicemia (A40-A41),F,Hispanic,49.0,4.2,5.5
1009,2014,"Nephritis, Nephrotic Syndrome and Nephrisis (N00-N07, N17-N19, N25-N27)",F,Black Non-Hispanic,90.0,8.6,7.1
1010,2012,Malignant Neoplasms (Cancer: C00-C97),F,White Non-Hispanic,3256.0,229.6,157.3
1011,2010,Influenza (Flu) and Pneumonia (J09-J18),M,Asian and Pacific Islander,108.0,20.7,31.7
1012,2012,Certain Conditions originating in the Perinatal Period (P00-P96),M,Other Race/ Ethnicity,,,
1013,2012,"Diseases of Heart (I00-I09, I11, I13, I20-I51)",F,Other Race/ Ethnicity,48.0,,
1014,2010,Diabetes Mellitus (E10-E14),M,Asian and Pacific Islander,64.0,12.3,15.5
1015,2013,Cerebrovascular Disease (Stroke: I60-I69),F,White Non-Hispanic,427.0,30,16.4
1016,2012,"Mental and Behavioral Disorders due to Accidental Poisoning and Other Psychoactive Substance Use (F11-F16, F18-F19, X40-X42, X44)",M,White Non-Hispanic,272.0,20.3,18.7
1017,2007,"Accidents Except Drug Posioning (V01-X39, X43, X45-X59, Y85-Y86)",F,Hispanic,71.0,6.1,7.1
1018,2008,"Assault (Homicide: Y87.1, X85-Y09)",M,Black Non-Hispanic,286.0,33.7,33.8
1019,2010,"Chronic Liver Disease and Cirrhosis (K70, K73)",M,Hispanic,150.0,13.1,17.6
1020,2009,Cerebrovascular Disease (Stroke: I60-I69),F,Asian and Pacific Islander,61.0,11.1,14.1
1021,2008,Cerebrovascular Disease (Stroke: I60-I69),F,Other Race/ Ethnicity,,,
1022,2011,"Accidents Except Drug Posioning (V01-X39, X43, X45-X59, Y85-Y86)",F,White Non-Hispanic,184.0,13,8.2
1023,2008,"Diseases of Heart (I00-I09, I11, I13, I20-I51)",F,Asian and Pacific Islander,456.0,85.6,117.7
1024,2012,"Congenital Malformations, Deformations, and Chromosomal Abnormalities (Q00-Q99)",F,Other Race/ Ethnicity,,,
1025,2007,"Diseases of Heart (I00-I09, I11, I13, I20-I51)",F,Not Stated/Unknown,82.0,,
1026,2009,Human Immunodeficiency Virus Disease (HIV: B20-B24),F,Hispanic,96.0,8,8.1
1027,2007,"Assault (Homicide: Y87.1, X85-Y09)",F,Other Race/ Ethnicity,,,
1028,2011,"Accidents Except Drug Posioning (V01-X39, X43, X45-X59, Y85-Y86)",M,Asian and Pacific Islander,61.0,11.5,14.8
1029,2014,Malignant Neoplasms (Cancer: C00-C97),M,White Non-Hispanic,3142.0,234,195.1
1030,2010,"Accidents Except Drug Posioning (V01-X39, X43, X45-X59, Y85-Y86)",M,Hispanic,132.0,11.6,13.9
1031,2012,Influenza (Flu) and Pneumonia (J09-J18),F,Hispanic,209.0,16.9,19.6
1032,2010,Certain Conditions originating in the Perinatal Period (P00-P96),M,Not Stated/Unknown,6.0,,
1033,2010,"Nephritis, Nephrotic Syndrome and Nephrisis (N00-N07, N17-N19, N25-N27)",F,Black Non-Hispanic,86.0,8.2,7.4
1034,2010,Cerebrovascular Disease (Stroke: I60-I69),F,Hispanic,168.0,13.8,16.7
1035,2010,Cerebrovascular Disease (Stroke: I60-I69),M,White Non-Hispanic,276.0,20.6,17.2
1036,2013,Alzheimer's Disease (G30),F,Not Stated/Unknown,8.0,,
1037,2014,Diabetes Mellitus (E10-E14),M,Other Race/ Ethnicity,18.0,,
1038,2007,Insitu or Benign / Uncertain Neoplasms (D00-D48),F,Other Race/ Ethnicity,,,
1039,2014,Certain Conditions originating in the Perinatal Period (P00-P96),M,Other Race/ Ethnicity,8.0,,
1040,2013,Malignant Neoplasms (Cancer: C00-C97),M,Not Stated/Unknown,99.0,,
1041,2012,Malignant Neoplasms (Cancer: C00-C97),M,White Non-Hispanic,3184.0,237.7,200.7
1042,2008,All Other Causes,M,Black Non-Hispanic,1216.0,143.2,163.5
1043,2008,"Accidents Except Drug Posioning (V01-X39, X43, X45-X59, Y85-Y86)",M,White Non-Hispanic,272.0,20.3,18.4
1044,2007,Chronic Lower Respiratory Diseases (J40-J47),F,Other Race/ Ethnicity,,,
1045,2008,"Nephritis, Nephrotic Syndrome and Nephrisis (N00-N07, N17-N19, N25-N27)",F,Black Non-Hispanic,71.0,6.8,6.3
1046,2012,"Essential Hypertension and Renal Diseases (I10, I12)",F,Asian and Pacific Islander,39.0,6.7,7.8
1047,2014,"Essential Hypertension and Renal Diseases (I10, I12)",F,Not Stated/Unknown,,,
1048,2012,All Other Causes,M,Black Non-Hispanic,1320.0,154.3,175
1049,2008,Malignant Neoplasms (Cancer: C00-C97),M,Not Stated/Unknown,60.0,,
1050,2012,Human Immunodeficiency Virus Disease (HIV: B20-B24),F,Black Non-Hispanic,136.0,13,11.6
1051,2008,Human Immunodeficiency Virus Disease (HIV: B20-B24),F,Hispanic,113.0,9.6,9.6
1052,2014,Alzheimer's Disease (G30),F,Hispanic,142.0,11.2,12.5
1053,2008,All Other Causes,F,Not Stated/Unknown,42.0,,
1054,2010,Diabetes Mellitus (E10-E14),F,White Non-Hispanic,258.0,18,11.1
1055,2009,"Diseases of Heart (I00-I09, I11, I13, I20-I51)",M,Black Non-Hispanic,2068.0,243.5,318.9
1056,2011,"Intentional Self-Harm (Suicide: X60-X84, Y87.0)",M,Other Race/ Ethnicity,5.0,,
1057,2012,Certain Conditions originating in the Perinatal Period (P00-P96),F,Not Stated/Unknown,11.0,,
1058,2011,Malignant Neoplasms (Cancer: C00-C97),M,Black Non-Hispanic,1590.0,186.4,224.4
1059,2010,Chronic Lower Respiratory Diseases (J40-J47),M,Hispanic,149.0,13,23.9
1060,2011,Malignant Neoplasms (Cancer: C00-C97),M,Other Race/ Ethnicity,36.0,,
1061,2014,Cerebrovascular Disease (Stroke: I60-I69),F,Hispanic,220.0,17.4,19
1062,2008,"Accidents Except Drug Posioning (V01-X39, X43, X45-X59, Y85-Y86)",F,Asian and Pacific Islander,36.0,6.8,8.5
1063,2014,Alzheimer's Disease (G30),F,White Non-Hispanic,276.0,19.5,8.6
1064,2013,Diabetes Mellitus (E10-E14),F,Not Stated/Unknown,15.0,,
1065,2010,"Mental and Behavioral Disorders due to Accidental Poisoning and Other Psychoactive Substance Use (F11-F16, F18-F19, X40-X42, X44)",M,Not Stated/Unknown,6.0,,
1066,2007,"Mental and Behavioral Disorders due to Accidental Poisoning and Other Psychoactive Substance Use (F11-F16, F18-F19, X40-X42, X44)",M,Hispanic,183.0,16.8,17.9
1067,2009,Human Immunodeficiency Virus Disease (HIV: B20-B24),F,Not Stated/Unknown,,,
1068,2008,"Diseases of Heart (I00-I09, I11, I13, I20-I51)",F,White Non-Hispanic,6836.0,476.2,245.5
1069,2009,Cerebrovascular Disease (Stroke: I60-I69),M,White Non-Hispanic,227.0,16.9,14.2
1070,2008,Diabetes Mellitus (E10-E14),M,Asian and Pacific Islander,52.0,10.4,14.9
1071,2014,"Chronic Liver Disease and Cirrhosis (K70, K73)",F,Not Stated/Unknown,,,
1072,2012,All Other Causes,F,Hispanic,1109.0,89.5,98.8
1073,2007,Diabetes Mellitus (E10-E14),F,Asian and Pacific Islander,34.0,6.6,8.3
1074,2008,Chronic Lower Respiratory Diseases (J40-J47),F,Hispanic,156.0,13.2,16.8
1075,2013,"Mental and Behavioral Disorders due to Accidental Poisoning and Other Psychoactive Substance Use (F11-F16, F18-F19, X40-X42, X44)",F,Not Stated/Unknown,6.0,,
1076,2011,"Mental and Behavioral Disorders due to Accidental Poisoning and Other Psychoactive Substance Use (F11-F16, F18-F19, X40-X42, X44)",M,White Non-Hispanic,254.0,19,17.3
1077,2008,"Accidents Except Drug Posioning (V01-X39, X43, X45-X59, Y85-Y86)",F,Other Race/ Ethnicity,,,
1078,2009,Diabetes Mellitus (E10-E14),M,Other Race/ Ethnicity,,,
1079,2010,Malignant Neoplasms (Cancer: C00-C97),M,Other Race/ Ethnicity,25.0,,
1080,2014,Human Immunodeficiency Virus Disease (HIV: B20-B24),M,Hispanic,92.0,7.7,8.7
1081,2010,Human Immunodeficiency Virus Disease (HIV: B20-B24),F,Black Non-Hispanic,152.0,14.5,12.9
1082,2008,"Nephritis, Nephrotic Syndrome and Nephrisis (N00-N07, N17-N19, N25-N27)",F,Asian and Pacific Islander,13.0,2.4,3.3
1083,2014,Chronic Lower Respiratory Diseases (J40-J47),F,Not Stated/Unknown,12.0,,
1084,2007,Human Immunodeficiency Virus Disease (HIV: B20-B24),F,Black Non-Hispanic,248.0,23.6,22.1
1085,2010,Atherosclerosis (I70),F,Not Stated/Unknown,,,
1086,2014,All Other Causes,F,Black Non-Hispanic,1536.0,146.4,126.4
1087,2009,"Nephritis, Nephrotic Syndrome and Nephrisis (N00-N07, N17-N19, N25-N27)",F,Black Non-Hispanic,75.0,7.2,6.7
1088,2008,"Chronic Liver Disease and Cirrhosis (K70, K73)",F,Other Race/ Ethnicity,,,
1089,2012,Influenza (Flu) and Pneumonia (J09-J18),F,Not Stated/Unknown,6.0,,
1090,2014,"Accidents Except Drug Posioning (V01-X39, X43, X45-X59, Y85-Y86)",F,White Non-Hispanic,169.0,11.9,7.4
1091,2009,Malignant Neoplasms (Cancer: C00-C97),M,White Non-Hispanic,3236.0,240.5,205.6
1092,2009,"Intentional Self-Harm (Suicide: X60-X84, Y87.0)",M,White Non-Hispanic,191.0,14.2,13
1093,2013,"Essential Hypertension and Renal Diseases (I10, I12)",M,Black Non-Hispanic,148.0,17.2,20.9
